database_1,database_2,peptides_database_1,peptides_database_2,shared_peptides,union_peptides,jaccard,percent_database_1_in_database_2,percent_database_2_in_database_1
Ensembl-Human-GRCh37.pep.all.fasta,Ensembl-Human-GRCh37.pep.all.fasta,2759262,2759262,2759262,2759262,1.00000000,1.00000000,1.00000000
Ensembl-Human-GRCh37.pep.all.fasta,Ensembl-Human-GRCh38.pep.all.fasta,2759262,2828515,2672333,2915444,0.91661270,0.96849556,0.94478304
Ensembl-Human-GRCh37.pep.all.fasta,Ensembl-Human-T2T_GCA_009914755.4-2022_07-pep.fasta,2759262,2792073,2628858,2922477,0.89953077,0.95273954,0.94154343
Ensembl-Human-GRCh37.pep.all.fasta,NCBI-Human-ASM2283312v2-Celera2005.fasta,2759262,2704638,2250569,3213331,0.70038505,0.81564165,0.83211469
Ensembl-Human-GRCh37.pep.all.fasta,NCBI-Human-Hopkins2022-06-Ash1_v2.2.fasta,2759262,2680272,2554277,2885257,0.88528578,0.92571021,0.95299171
Ensembl-Human-GRCh37.pep.all.fasta,NCBI-RefSeq-Human-GRCh38.p14-GCF_000001405.40-2022-02-03.fasta,2759262,2724291,2471709,3011844,0.82066302,0.89578626,0.90728523
Ensembl-Human-GRCh37.pep.all.fasta,NCBI_RefSeq-Human-T2T-CHM13v2.0-T2T-GCF_009914755.1-2022-01-24.fasta,2759262,2733913,2466841,3026334,0.81512516,0.89402202,0.90231145
Ensembl-Human-GRCh37.pep.all.fasta,Pangenome-HPRC-Human-GCA_018466835.1-Barbados-2022_07-pep.fasta,2759262,2784679,2613708,2930233,0.89197958,0.94724894,0.93860298
Ensembl-Human-GRCh37.pep.all.fasta,Pangenome-HPRC-Human-GCA_018469405.1-Columbia-2022_07-pep.fasta,2759262,2783441,2618999,2923704,0.89578117,0.94916648,0.94092133
Ensembl-Human-GRCh37.pep.all.fasta,Pangenome-HPRC-Human-GCA_018469415.1-Nigeria-2022_07-pep.fasta,2759262,2784252,2614066,2929448,0.89234081,0.94737868,0.93887550
Ensembl-Human-GRCh37.pep.all.fasta,Pangenome-HPRC-Human-GCA_018472565.1-HanChineseSouth-2022_08-pep.fasta,2759262,2787238,2620867,2925633,0.89582904,0.94984347,0.94030973
Ensembl-Human-GRCh37.pep.all.fasta,Pangenome-HPRC-Human-GCA_018504055.1-Vietnam-2022_07-pep.fasta,2759262,2783481,2617773,2924970,0.89497431,0.94872216,0.94046735
Ensembl-Human-GRCh37.pep.all.fasta,Pangenome-HPRC-Human-GCA_018504625.1-swUSA-2022_07-pep.fasta,2759262,2785067,2614441,2929888,0.89233479,0.94751459,0.93873541
Ensembl-Human-GRCh37.pep.all.fasta,Pangenome-HPRC-Human-GCA_018505835.1-Pakistan-2022_07-pep.fasta,2759262,2691871,2534021,2917112,0.86867457,0.91836911,0.94136049
Ensembl-Human-GRCh37.pep.all.fasta,Pangenome-HPRC-Human-GCA_018852605.1-Caucasian-2022_07-pep.fasta,2759262,2694256,2539065,2914453,0.87119779,0.92019714,0.94239931
Ensembl-Human-GRCh37.pep.all.fasta,UniProt-Human-UP000005640_canonical-2023_05.fasta,2759262,2402417,2345693,2815986,0.83299171,0.85011608,0.97638878
Ensembl-Human-GRCh37.pep.all.fasta,UniProt_Human_9606_SP-Tr-2023_05.fasta,2759262,3471747,2650210,3580799,0.74011694,0.96047784,0.76336496
Ensembl-Human-GRCh37.pep.all.fasta,UniProt_Human_9606_SP-iso_2023_05.fasta,2759262,2542314,2461283,2840293,0.86655954,0.89200772,0.96812707
Ensembl-Human-GRCh37.pep.all.fasta,UniProt_Human_9606_SP_2023_05.fasta,2759262,2400476,2345387,2814351,0.83336691,0.85000518,0.97705080
Ensembl-Human-GRCh37.pep.all.fasta,UniProt_Human_UP000005640_All_2023_05.fasta,2759262,2794482,2616979,2936765,0.89110944,0.94843440,0.93648089
Ensembl-Human-GRCh37.pep.all.fasta,nextprot_Human-all-peff-2023-09-11.fasta,2759262,2540277,2461266,2838273,0.86717028,0.89200156,0.96889670
Ensembl-Human-GRCh38.pep.all.fasta,Ensembl-Human-GRCh37.pep.all.fasta,2828515,2759262,2672333,2915444,0.91661270,0.94478304,0.96849556
Ensembl-Human-GRCh38.pep.all.fasta,Ensembl-Human-GRCh38.pep.all.fasta,2828515,2828515,2828515,2828515,1.00000000,1.00000000,1.00000000
Ensembl-Human-GRCh38.pep.all.fasta,Ensembl-Human-T2T_GCA_009914755.4-2022_07-pep.fasta,2828515,2792073,2734115,2886473,0.94721655,0.96662560,0.97924195
Ensembl-Human-GRCh38.pep.all.fasta,NCBI-Human-ASM2283312v2-Celera2005.fasta,2828515,2704638,2253283,3279870,0.68700375,0.79663109,0.83311815
Ensembl-Human-GRCh38.pep.all.fasta,NCBI-Human-Hopkins2022-06-Ash1_v2.2.fasta,2828515,2680272,2619643,2889144,0.90671943,0.92615489,0.97737953
Ensembl-Human-GRCh38.pep.all.fasta,NCBI-RefSeq-Human-GRCh38.p14-GCF_000001405.40-2022-02-03.fasta,2828515,2724291,2522223,3030583,0.83225670,0.89171279,0.92582731
Ensembl-Human-GRCh38.pep.all.fasta,NCBI_RefSeq-Human-T2T-CHM13v2.0-T2T-GCF_009914755.1-2022-01-24.fasta,2828515,2733913,2516326,3046102,0.82608068,0.88962795,0.92041188
Ensembl-Human-GRCh38.pep.all.fasta,Pangenome-HPRC-Human-GCA_018466835.1-Barbados-2022_07-pep.fasta,2828515,2784679,2718202,2894992,0.93893247,0.96099968,0.97612759
Ensembl-Human-GRCh38.pep.all.fasta,Pangenome-HPRC-Human-GCA_018469405.1-Columbia-2022_07-pep.fasta,2828515,2783441,2723883,2888073,0.94314894,0.96300815,0.97860274
Ensembl-Human-GRCh38.pep.all.fasta,Pangenome-HPRC-Human-GCA_018469415.1-Nigeria-2022_07-pep.fasta,2828515,2784252,2718622,2894145,0.93935238,0.96114816,0.97642814
Ensembl-Human-GRCh38.pep.all.fasta,Pangenome-HPRC-Human-GCA_018472565.1-HanChineseSouth-2022_08-pep.fasta,2828515,2787238,2725890,2889863,0.94325925,0.96371771,0.97798968
Ensembl-Human-GRCh38.pep.all.fasta,Pangenome-HPRC-Human-GCA_018504055.1-Vietnam-2022_07-pep.fasta,2828515,2783481,2722232,2889764,0.94202572,0.96242445,0.97799554
Ensembl-Human-GRCh38.pep.all.fasta,Pangenome-HPRC-Human-GCA_018504625.1-swUSA-2022_07-pep.fasta,2828515,2785067,2719008,2894574,0.93934652,0.96128463,0.97628100
Ensembl-Human-GRCh38.pep.all.fasta,Pangenome-HPRC-Human-GCA_018505835.1-Pakistan-2022_07-pep.fasta,2828515,2691871,2633262,2887124,0.91207097,0.93096978,0.97822741
Ensembl-Human-GRCh38.pep.all.fasta,Pangenome-HPRC-Human-GCA_018852605.1-Caucasian-2022_07-pep.fasta,2828515,2694256,2638463,2884308,0.91476465,0.93280856,0.97929187
Ensembl-Human-GRCh38.pep.all.fasta,UniProt-Human-UP000005640_canonical-2023_05.fasta,2828515,2402417,2366126,2864806,0.82592888,0.83652588,0.98489396
Ensembl-Human-GRCh38.pep.all.fasta,UniProt_Human_9606_SP-Tr-2023_05.fasta,2828515,3471747,2765922,3534340,0.78258515,0.97787072,0.79669457
Ensembl-Human-GRCh38.pep.all.fasta,UniProt_Human_9606_SP-iso_2023_05.fasta,2828515,2542314,2472402,2898427,0.85301510,0.87409895,0.97250064
Ensembl-Human-GRCh38.pep.all.fasta,UniProt_Human_9606_SP_2023_05.fasta,2828515,2400476,2363300,2865691,0.82468766,0.83552677,0.98451307
Ensembl-Human-GRCh38.pep.all.fasta,UniProt_Human_UP000005640_All_2023_05.fasta,2828515,2794482,2754044,2868953,0.95994741,0.97367134,0.98552934
Ensembl-Human-GRCh38.pep.all.fasta,nextprot_Human-all-peff-2023-09-11.fasta,2828515,2540277,2470329,2898463,0.85228930,0.87336606,0.97246442
Ensembl-Human-T2T_GCA_009914755.4-2022_07-pep.fasta,Ensembl-Human-GRCh37.pep.all.fasta,2792073,2759262,2628858,2922477,0.89953077,0.94154343,0.95273954
Ensembl-Human-T2T_GCA_009914755.4-2022_07-pep.fasta,Ensembl-Human-GRCh38.pep.all.fasta,2792073,2828515,2734115,2886473,0.94721655,0.97924195,0.96662560
Ensembl-Human-T2T_GCA_009914755.4-2022_07-pep.fasta,Ensembl-Human-T2T_GCA_009914755.4-2022_07-pep.fasta,2792073,2792073,2792073,2792073,1.00000000,1.00000000,1.00000000
Ensembl-Human-T2T_GCA_009914755.4-2022_07-pep.fasta,NCBI-Human-ASM2283312v2-Celera2005.fasta,2792073,2704638,2242477,3254234,0.68909519,0.80315844,0.82912279
Ensembl-Human-T2T_GCA_009914755.4-2022_07-pep.fasta,NCBI-Human-Hopkins2022-06-Ash1_v2.2.fasta,2792073,2680272,2625162,2847183,0.92202082,0.94021969,0.97943865
Ensembl-Human-T2T_GCA_009914755.4-2022_07-pep.fasta,NCBI-RefSeq-Human-GRCh38.p14-GCF_000001405.40-2022-02-03.fasta,2792073,2724291,2473943,3042421,0.81314946,0.88605957,0.90810526
Ensembl-Human-T2T_GCA_009914755.4-2022_07-pep.fasta,NCBI_RefSeq-Human-T2T-CHM13v2.0-T2T-GCF_009914755.1-2022-01-24.fasta,2792073,2733913,2489096,3036890,0.81962007,0.89148672,0.91045180
Ensembl-Human-T2T_GCA_009914755.4-2022_07-pep.fasta,Pangenome-HPRC-Human-GCA_018466835.1-Barbados-2022_07-pep.fasta,2792073,2784679,2733078,2843674,0.96110806,0.97887054,0.98146968
Ensembl-Human-T2T_GCA_009914755.4-2022_07-pep.fasta,Pangenome-HPRC-Human-GCA_018469405.1-Columbia-2022_07-pep.fasta,2792073,2783441,2741622,2833892,0.96744054,0.98193063,0.98497579
Ensembl-Human-T2T_GCA_009914755.4-2022_07-pep.fasta,Pangenome-HPRC-Human-GCA_018469415.1-Nigeria-2022_07-pep.fasta,2792073,2784252,2731886,2844439,0.96043051,0.97844362,0.98119208
Ensembl-Human-T2T_GCA_009914755.4-2022_07-pep.fasta,Pangenome-HPRC-Human-GCA_018472565.1-HanChineseSouth-2022_08-pep.fasta,2792073,2787238,2742942,2836369,0.96706106,0.98240340,0.98410756
Ensembl-Human-T2T_GCA_009914755.4-2022_07-pep.fasta,Pangenome-HPRC-Human-GCA_018504055.1-Vietnam-2022_07-pep.fasta,2792073,2783481,2739187,2836367,0.96573786,0.98105852,0.98408683
Ensembl-Human-T2T_GCA_009914755.4-2022_07-pep.fasta,Pangenome-HPRC-Human-GCA_018504625.1-swUSA-2022_07-pep.fasta,2792073,2785067,2734380,2842760,0.96187508,0.97933686,0.98180044
Ensembl-Human-T2T_GCA_009914755.4-2022_07-pep.fasta,Pangenome-HPRC-Human-GCA_018505835.1-Pakistan-2022_07-pep.fasta,2792073,2691871,2649275,2834669,0.93459765,0.94885592,0.98417606
Ensembl-Human-T2T_GCA_009914755.4-2022_07-pep.fasta,Pangenome-HPRC-Human-GCA_018852605.1-Caucasian-2022_07-pep.fasta,2792073,2694256,2655504,2830825,0.93806717,0.95108688,0.98561681
Ensembl-Human-T2T_GCA_009914755.4-2022_07-pep.fasta,UniProt-Human-UP000005640_canonical-2023_05.fasta,2792073,2402417,2327694,2866796,0.81194965,0.83367949,0.96889674
Ensembl-Human-T2T_GCA_009914755.4-2022_07-pep.fasta,UniProt_Human_9606_SP-Tr-2023_05.fasta,2792073,3471747,2693386,3570434,0.75435815,0.96465458,0.77580135
Ensembl-Human-T2T_GCA_009914755.4-2022_07-pep.fasta,UniProt_Human_9606_SP-iso_2023_05.fasta,2792073,2542314,2433303,2901084,0.83875648,0.87150408,0.95712135
Ensembl-Human-T2T_GCA_009914755.4-2022_07-pep.fasta,UniProt_Human_9606_SP_2023_05.fasta,2792073,2400476,2326259,2866290,0.81159234,0.83316554,0.96908238
Ensembl-Human-T2T_GCA_009914755.4-2022_07-pep.fasta,UniProt_Human_UP000005640_All_2023_05.fasta,2792073,2794482,2670402,2916153,0.91572767,0.95642270,0.95559821
Ensembl-Human-T2T_GCA_009914755.4-2022_07-pep.fasta,nextprot_Human-all-peff-2023-09-11.fasta,2792073,2540277,2431458,2900892,0.83817598,0.87084328,0.95716255
NCBI-Human-ASM2283312v2-Celera2005.fasta,Ensembl-Human-GRCh37.pep.all.fasta,2704638,2759262,2250569,3213331,0.70038505,0.83211469,0.81564165
NCBI-Human-ASM2283312v2-Celera2005.fasta,Ensembl-Human-GRCh38.pep.all.fasta,2704638,2828515,2253283,3279870,0.68700375,0.83311815,0.79663109
NCBI-Human-ASM2283312v2-Celera2005.fasta,Ensembl-Human-T2T_GCA_009914755.4-2022_07-pep.fasta,2704638,2792073,2242477,3254234,0.68909519,0.82912279,0.80315844
NCBI-Human-ASM2283312v2-Celera2005.fasta,NCBI-Human-ASM2283312v2-Celera2005.fasta,2704638,2704638,2704638,2704638,1.00000000,1.00000000,1.00000000
NCBI-Human-ASM2283312v2-Celera2005.fasta,NCBI-Human-Hopkins2022-06-Ash1_v2.2.fasta,2704638,2680272,2225268,3159642,0.70427852,0.82276001,0.83023962
NCBI-Human-ASM2283312v2-Celera2005.fasta,NCBI-RefSeq-Human-GRCh38.p14-GCF_000001405.40-2022-02-03.fasta,2704638,2724291,2239759,3189170,0.70230154,0.82811785,0.82214382
NCBI-Human-ASM2283312v2-Celera2005.fasta,NCBI_RefSeq-Human-T2T-CHM13v2.0-T2T-GCF_009914755.1-2022-01-24.fasta,2704638,2733913,2243589,3194962,0.70222713,0.82953393,0.82065121
NCBI-Human-ASM2283312v2-Celera2005.fasta,Pangenome-HPRC-Human-GCA_018466835.1-Barbados-2022_07-pep.fasta,2704638,2784679,2229391,3259926,0.68387779,0.82428443,0.80059174
NCBI-Human-ASM2283312v2-Celera2005.fasta,Pangenome-HPRC-Human-GCA_018469405.1-Columbia-2022_07-pep.fasta,2704638,2783441,2234915,3253164,0.68699734,0.82632685,0.80293241
NCBI-Human-ASM2283312v2-Celera2005.fasta,Pangenome-HPRC-Human-GCA_018469415.1-Nigeria-2022_07-pep.fasta,2704638,2784252,2228908,3259982,0.68371789,0.82410585,0.80054104
NCBI-Human-ASM2283312v2-Celera2005.fasta,Pangenome-HPRC-Human-GCA_018472565.1-HanChineseSouth-2022_08-pep.fasta,2704638,2787238,2236055,3255821,0.68678684,0.82674835,0.80224760
NCBI-Human-ASM2283312v2-Celera2005.fasta,Pangenome-HPRC-Human-GCA_018504055.1-Vietnam-2022_07-pep.fasta,2704638,2783481,2232715,3255404,0.68584882,0.82551343,0.80213050
NCBI-Human-ASM2283312v2-Celera2005.fasta,Pangenome-HPRC-Human-GCA_018504625.1-swUSA-2022_07-pep.fasta,2704638,2785067,2230352,3259353,0.68429286,0.82463975,0.80082526
NCBI-Human-ASM2283312v2-Celera2005.fasta,Pangenome-HPRC-Human-GCA_018505835.1-Pakistan-2022_07-pep.fasta,2704638,2691871,2157496,3239013,0.66609674,0.79770232,0.80148566
NCBI-Human-ASM2283312v2-Celera2005.fasta,Pangenome-HPRC-Human-GCA_018852605.1-Caucasian-2022_07-pep.fasta,2704638,2694256,2162536,3236358,0.66820049,0.79956578,0.80264682
NCBI-Human-ASM2283312v2-Celera2005.fasta,UniProt-Human-UP000005640_canonical-2023_05.fasta,2704638,2402417,2180110,2926945,0.74484146,0.80606351,0.90746527
NCBI-Human-ASM2283312v2-Celera2005.fasta,UniProt_Human_9606_SP-Tr-2023_05.fasta,2704638,3471747,2276389,3899996,0.58369009,0.84166125,0.65568977
NCBI-Human-ASM2283312v2-Celera2005.fasta,UniProt_Human_9606_SP-iso_2023_05.fasta,2704638,2542314,2245969,3000983,0.74841110,0.83041390,0.88343493
NCBI-Human-ASM2283312v2-Celera2005.fasta,UniProt_Human_9606_SP_2023_05.fasta,2704638,2400476,2180112,2925002,0.74533693,0.80606425,0.90819987
NCBI-Human-ASM2283312v2-Celera2005.fasta,UniProt_Human_UP000005640_All_2023_05.fasta,2704638,2794482,2235006,3264114,0.68472057,0.82636050,0.79979259
NCBI-Human-ASM2283312v2-Celera2005.fasta,nextprot_Human-all-peff-2023-09-11.fasta,2704638,2540277,2245765,2999150,0.74880049,0.83033848,0.88406304
NCBI-Human-Hopkins2022-06-Ash1_v2.2.fasta,Ensembl-Human-GRCh37.pep.all.fasta,2680272,2759262,2554277,2885257,0.88528578,0.95299171,0.92571021
NCBI-Human-Hopkins2022-06-Ash1_v2.2.fasta,Ensembl-Human-GRCh38.pep.all.fasta,2680272,2828515,2619643,2889144,0.90671943,0.97737953,0.92615489
NCBI-Human-Hopkins2022-06-Ash1_v2.2.fasta,Ensembl-Human-T2T_GCA_009914755.4-2022_07-pep.fasta,2680272,2792073,2625162,2847183,0.92202082,0.97943865,0.94021969
NCBI-Human-Hopkins2022-06-Ash1_v2.2.fasta,NCBI-Human-ASM2283312v2-Celera2005.fasta,2680272,2704638,2225268,3159642,0.70427852,0.83023962,0.82276001
NCBI-Human-Hopkins2022-06-Ash1_v2.2.fasta,NCBI-Human-Hopkins2022-06-Ash1_v2.2.fasta,2680272,2680272,2680272,2680272,1.00000000,1.00000000,1.00000000
NCBI-Human-Hopkins2022-06-Ash1_v2.2.fasta,NCBI-RefSeq-Human-GRCh38.p14-GCF_000001405.40-2022-02-03.fasta,2680272,2724291,2445967,2958596,0.82673234,0.91258163,0.89783617
NCBI-Human-Hopkins2022-06-Ash1_v2.2.fasta,NCBI_RefSeq-Human-T2T-CHM13v2.0-T2T-GCF_009914755.1-2022-01-24.fasta,2680272,2733913,2453706,2960479,0.82882061,0.91546903,0.89750698
NCBI-Human-Hopkins2022-06-Ash1_v2.2.fasta,Pangenome-HPRC-Human-GCA_018466835.1-Barbados-2022_07-pep.fasta,2680272,2784679,2607040,2857911,0.91221875,0.97267740,0.93620845
NCBI-Human-Hopkins2022-06-Ash1_v2.2.fasta,Pangenome-HPRC-Human-GCA_018469405.1-Columbia-2022_07-pep.fasta,2680272,2783441,2614122,2849591,0.91736744,0.97531967,0.93916918
NCBI-Human-Hopkins2022-06-Ash1_v2.2.fasta,Pangenome-HPRC-Human-GCA_018469415.1-Nigeria-2022_07-pep.fasta,2680272,2784252,2606510,2858014,0.91200043,0.97247966,0.93616167
NCBI-Human-Hopkins2022-06-Ash1_v2.2.fasta,Pangenome-HPRC-Human-GCA_018472565.1-HanChineseSouth-2022_08-pep.fasta,2680272,2787238,2616276,2851234,0.91759428,0.97612332,0.93866258
NCBI-Human-Hopkins2022-06-Ash1_v2.2.fasta,Pangenome-HPRC-Human-GCA_018504055.1-Vietnam-2022_07-pep.fasta,2680272,2783481,2611829,2851924,0.91581297,0.97446416,0.93833189
NCBI-Human-Hopkins2022-06-Ash1_v2.2.fasta,Pangenome-HPRC-Human-GCA_018504625.1-swUSA-2022_07-pep.fasta,2680272,2785067,2606882,2858457,0.91198923,0.97261845,0.93602129
NCBI-Human-Hopkins2022-06-Ash1_v2.2.fasta,Pangenome-HPRC-Human-GCA_018505835.1-Pakistan-2022_07-pep.fasta,2680272,2691871,2525707,2846436,0.88732260,0.94233235,0.93827193
NCBI-Human-Hopkins2022-06-Ash1_v2.2.fasta,Pangenome-HPRC-Human-GCA_018852605.1-Caucasian-2022_07-pep.fasta,2680272,2694256,2535322,2839206,0.89296867,0.94591967,0.94101006
NCBI-Human-Hopkins2022-06-Ash1_v2.2.fasta,UniProt-Human-UP000005640_canonical-2023_05.fasta,2680272,2402417,2307515,2775174,0.83148480,0.86092568,0.96049728
NCBI-Human-Hopkins2022-06-Ash1_v2.2.fasta,UniProt_Human_9606_SP-Tr-2023_05.fasta,2680272,3471747,2581652,3570367,0.72307749,0.96320523,0.74361755
NCBI-Human-Hopkins2022-06-Ash1_v2.2.fasta,UniProt_Human_9606_SP-iso_2023_05.fasta,2680272,2542314,2411700,2810886,0.85798570,0.89979674,0.94862397
NCBI-Human-Hopkins2022-06-Ash1_v2.2.fasta,UniProt_Human_9606_SP_2023_05.fasta,2680272,2400476,2306909,2773839,0.83166651,0.86069959,0.96102148
NCBI-Human-Hopkins2022-06-Ash1_v2.2.fasta,UniProt_Human_UP000005640_All_2023_05.fasta,2680272,2794482,2558467,2916287,0.87730289,0.95455499,0.91554249
NCBI-Human-Hopkins2022-06-Ash1_v2.2.fasta,nextprot_Human-all-peff-2023-09-11.fasta,2680272,2540277,2410659,2809890,0.85791935,0.89940834,0.94897486
NCBI-RefSeq-Human-GRCh38.p14-GCF_000001405.40-2022-02-03.fasta,Ensembl-Human-GRCh37.pep.all.fasta,2724291,2759262,2471709,3011844,0.82066302,0.90728523,0.89578626
NCBI-RefSeq-Human-GRCh38.p14-GCF_000001405.40-2022-02-03.fasta,Ensembl-Human-GRCh38.pep.all.fasta,2724291,2828515,2522223,3030583,0.83225670,0.92582731,0.89171279
NCBI-RefSeq-Human-GRCh38.p14-GCF_000001405.40-2022-02-03.fasta,Ensembl-Human-T2T_GCA_009914755.4-2022_07-pep.fasta,2724291,2792073,2473943,3042421,0.81314946,0.90810526,0.88605957
NCBI-RefSeq-Human-GRCh38.p14-GCF_000001405.40-2022-02-03.fasta,NCBI-Human-ASM2283312v2-Celera2005.fasta,2724291,2704638,2239759,3189170,0.70230154,0.82214382,0.82811785
NCBI-RefSeq-Human-GRCh38.p14-GCF_000001405.40-2022-02-03.fasta,NCBI-Human-Hopkins2022-06-Ash1_v2.2.fasta,2724291,2680272,2445967,2958596,0.82673234,0.89783617,0.91258163
NCBI-RefSeq-Human-GRCh38.p14-GCF_000001405.40-2022-02-03.fasta,NCBI-RefSeq-Human-GRCh38.p14-GCF_000001405.40-2022-02-03.fasta,2724291,2724291,2724291,2724291,1.00000000,1.00000000,1.00000000
NCBI-RefSeq-Human-GRCh38.p14-GCF_000001405.40-2022-02-03.fasta,NCBI_RefSeq-Human-T2T-CHM13v2.0-T2T-GCF_009914755.1-2022-01-24.fasta,2724291,2733913,2693437,2764767,0.97420036,0.98867448,0.98519485
NCBI-RefSeq-Human-GRCh38.p14-GCF_000001405.40-2022-02-03.fasta,Pangenome-HPRC-Human-GCA_018466835.1-Barbados-2022_07-pep.fasta,2724291,2784679,2460422,3048548,0.80707996,0.90314214,0.88355678
NCBI-RefSeq-Human-GRCh38.p14-GCF_000001405.40-2022-02-03.fasta,Pangenome-HPRC-Human-GCA_018469405.1-Columbia-2022_07-pep.fasta,2724291,2783441,2465002,3042730,0.81012840,0.90482331,0.88559520
NCBI-RefSeq-Human-GRCh38.p14-GCF_000001405.40-2022-02-03.fasta,Pangenome-HPRC-Human-GCA_018469415.1-Nigeria-2022_07-pep.fasta,2724291,2784252,2460928,3047615,0.80749307,0.90332788,0.88387402
NCBI-RefSeq-Human-GRCh38.p14-GCF_000001405.40-2022-02-03.fasta,Pangenome-HPRC-Human-GCA_018472565.1-HanChineseSouth-2022_08-pep.fasta,2724291,2787238,2466618,3044911,0.81007885,0.90541649,0.88496856
NCBI-RefSeq-Human-GRCh38.p14-GCF_000001405.40-2022-02-03.fasta,Pangenome-HPRC-Human-GCA_018504055.1-Vietnam-2022_07-pep.fasta,2724291,2783481,2463662,3044110,0.80932095,0.90433144,0.88510107
NCBI-RefSeq-Human-GRCh38.p14-GCF_000001405.40-2022-02-03.fasta,Pangenome-HPRC-Human-GCA_018504625.1-swUSA-2022_07-pep.fasta,2724291,2785067,2461363,3047995,0.80753512,0.90348755,0.88377156
NCBI-RefSeq-Human-GRCh38.p14-GCF_000001405.40-2022-02-03.fasta,Pangenome-HPRC-Human-GCA_018505835.1-Pakistan-2022_07-pep.fasta,2724291,2691871,2380593,3035569,0.78423287,0.87383947,0.88436370
NCBI-RefSeq-Human-GRCh38.p14-GCF_000001405.40-2022-02-03.fasta,Pangenome-HPRC-Human-GCA_018852605.1-Caucasian-2022_07-pep.fasta,2724291,2694256,2385496,3033051,0.78650046,0.87563920,0.88540064
NCBI-RefSeq-Human-GRCh38.p14-GCF_000001405.40-2022-02-03.fasta,UniProt-Human-UP000005640_canonical-2023_05.fasta,2724291,2402417,2358134,2768574,0.85175040,0.86559549,0.98156731
NCBI-RefSeq-Human-GRCh38.p14-GCF_000001405.40-2022-02-03.fasta,UniProt_Human_9606_SP-Tr-2023_05.fasta,2724291,3471747,2492423,3703615,0.67297033,0.91488868,0.71791608
NCBI-RefSeq-Human-GRCh38.p14-GCF_000001405.40-2022-02-03.fasta,UniProt_Human_9606_SP-iso_2023_05.fasta,2724291,2542314,2453170,2813435,0.87194835,0.90048016,0.96493588
NCBI-RefSeq-Human-GRCh38.p14-GCF_000001405.40-2022-02-03.fasta,UniProt_Human_9606_SP_2023_05.fasta,2724291,2400476,2357207,2767560,0.85172751,0.86525522,0.98197482
NCBI-RefSeq-Human-GRCh38.p14-GCF_000001405.40-2022-02-03.fasta,UniProt_Human_UP000005640_All_2023_05.fasta,2724291,2794482,2467608,3051165,0.80874289,0.90577989,0.88302877
NCBI-RefSeq-Human-GRCh38.p14-GCF_000001405.40-2022-02-03.fasta,nextprot_Human-all-peff-2023-09-11.fasta,2724291,2540277,2451068,2813500,0.87118109,0.89970858,0.96488218
NCBI_RefSeq-Human-T2T-CHM13v2.0-T2T-GCF_009914755.1-2022-01-24.fasta,Ensembl-Human-GRCh37.pep.all.fasta,2733913,2759262,2466841,3026334,0.81512516,0.90231145,0.89402202
NCBI_RefSeq-Human-T2T-CHM13v2.0-T2T-GCF_009914755.1-2022-01-24.fasta,Ensembl-Human-GRCh38.pep.all.fasta,2733913,2828515,2516326,3046102,0.82608068,0.92041188,0.88962795
NCBI_RefSeq-Human-T2T-CHM13v2.0-T2T-GCF_009914755.1-2022-01-24.fasta,Ensembl-Human-T2T_GCA_009914755.4-2022_07-pep.fasta,2733913,2792073,2489096,3036890,0.81962007,0.91045180,0.89148672
NCBI_RefSeq-Human-T2T-CHM13v2.0-T2T-GCF_009914755.1-2022-01-24.fasta,NCBI-Human-ASM2283312v2-Celera2005.fasta,2733913,2704638,2243589,3194962,0.70222713,0.82065121,0.82953393
NCBI_RefSeq-Human-T2T-CHM13v2.0-T2T-GCF_009914755.1-2022-01-24.fasta,NCBI-Human-Hopkins2022-06-Ash1_v2.2.fasta,2733913,2680272,2453706,2960479,0.82882061,0.89750698,0.91546903
NCBI_RefSeq-Human-T2T-CHM13v2.0-T2T-GCF_009914755.1-2022-01-24.fasta,NCBI-RefSeq-Human-GRCh38.p14-GCF_000001405.40-2022-02-03.fasta,2733913,2724291,2693437,2764767,0.97420036,0.98519485,0.98867448
NCBI_RefSeq-Human-T2T-CHM13v2.0-T2T-GCF_009914755.1-2022-01-24.fasta,NCBI_RefSeq-Human-T2T-CHM13v2.0-T2T-GCF_009914755.1-2022-01-24.fasta,2733913,2733913,2733913,2733913,1.00000000,1.00000000,1.00000000
NCBI_RefSeq-Human-T2T-CHM13v2.0-T2T-GCF_009914755.1-2022-01-24.fasta,Pangenome-HPRC-Human-GCA_018466835.1-Barbados-2022_07-pep.fasta,2733913,2784679,2465304,3053288,0.80742596,0.90174925,0.88530994
NCBI_RefSeq-Human-T2T-CHM13v2.0-T2T-GCF_009914755.1-2022-01-24.fasta,Pangenome-HPRC-Human-GCA_018469405.1-Columbia-2022_07-pep.fasta,2733913,2783441,2470848,3046506,0.81104321,0.90377711,0.88769548
NCBI_RefSeq-Human-T2T-CHM13v2.0-T2T-GCF_009914755.1-2022-01-24.fasta,Pangenome-HPRC-Human-GCA_018469415.1-Nigeria-2022_07-pep.fasta,2733913,2784252,2466210,3051955,0.80807548,0.90208064,0.88577112
NCBI_RefSeq-Human-T2T-CHM13v2.0-T2T-GCF_009914755.1-2022-01-24.fasta,Pangenome-HPRC-Human-GCA_018472565.1-HanChineseSouth-2022_08-pep.fasta,2733913,2787238,2472672,3048479,0.81111663,0.90444429,0.88714060
NCBI_RefSeq-Human-T2T-CHM13v2.0-T2T-GCF_009914755.1-2022-01-24.fasta,Pangenome-HPRC-Human-GCA_018504055.1-Vietnam-2022_07-pep.fasta,2733913,2783481,2469134,3048260,0.81001424,0.90315017,0.88706695
NCBI_RefSeq-Human-T2T-CHM13v2.0-T2T-GCF_009914755.1-2022-01-24.fasta,Pangenome-HPRC-Human-GCA_018504625.1-swUSA-2022_07-pep.fasta,2733913,2785067,2466766,3052214,0.80818907,0.90228402,0.88571155
NCBI_RefSeq-Human-T2T-CHM13v2.0-T2T-GCF_009914755.1-2022-01-24.fasta,Pangenome-HPRC-Human-GCA_018505835.1-Pakistan-2022_07-pep.fasta,2733913,2691871,2386108,3039676,0.78498761,0.87278125,0.88641246
NCBI_RefSeq-Human-T2T-CHM13v2.0-T2T-GCF_009914755.1-2022-01-24.fasta,Pangenome-HPRC-Human-GCA_018852605.1-Caucasian-2022_07-pep.fasta,2733913,2694256,2391381,3036788,0.78747051,0.87470999,0.88758492
NCBI_RefSeq-Human-T2T-CHM13v2.0-T2T-GCF_009914755.1-2022-01-24.fasta,UniProt-Human-UP000005640_canonical-2023_05.fasta,2733913,2402417,2354250,2782080,0.84621938,0.86112835,0.97995061
NCBI_RefSeq-Human-T2T-CHM13v2.0-T2T-GCF_009914755.1-2022-01-24.fasta,UniProt_Human_9606_SP-Tr-2023_05.fasta,2733913,3471747,2492277,3713383,0.67116077,0.91161533,0.71787403
NCBI_RefSeq-Human-T2T-CHM13v2.0-T2T-GCF_009914755.1-2022-01-24.fasta,UniProt_Human_9606_SP-iso_2023_05.fasta,2733913,2542314,2449096,2827131,0.86628317,0.89582075,0.96333340
NCBI_RefSeq-Human-T2T-CHM13v2.0-T2T-GCF_009914755.1-2022-01-24.fasta,UniProt_Human_9606_SP_2023_05.fasta,2733913,2400476,2353405,2780984,0.84624903,0.86081927,0.98039097
NCBI_RefSeq-Human-T2T-CHM13v2.0-T2T-GCF_009914755.1-2022-01-24.fasta,UniProt_Human_UP000005640_All_2023_05.fasta,2733913,2794482,2462086,3066309,0.80294778,0.90057218,0.88105273
NCBI_RefSeq-Human-T2T-CHM13v2.0-T2T-GCF_009914755.1-2022-01-24.fasta,nextprot_Human-all-peff-2023-09-11.fasta,2733913,2540277,2446927,2827263,0.86547555,0.89502738,0.96325204
Pangenome-HPRC-Human-GCA_018466835.1-Barbados-2022_07-pep.fasta,Ensembl-Human-GRCh37.pep.all.fasta,2784679,2759262,2613708,2930233,0.89197958,0.93860298,0.94724894
Pangenome-HPRC-Human-GCA_018466835.1-Barbados-2022_07-pep.fasta,Ensembl-Human-GRCh38.pep.all.fasta,2784679,2828515,2718202,2894992,0.93893247,0.97612759,0.96099968
Pangenome-HPRC-Human-GCA_018466835.1-Barbados-2022_07-pep.fasta,Ensembl-Human-T2T_GCA_009914755.4-2022_07-pep.fasta,2784679,2792073,2733078,2843674,0.96110806,0.98146968,0.97887054
Pangenome-HPRC-Human-GCA_018466835.1-Barbados-2022_07-pep.fasta,NCBI-Human-ASM2283312v2-Celera2005.fasta,2784679,2704638,2229391,3259926,0.68387779,0.80059174,0.82428443
Pangenome-HPRC-Human-GCA_018466835.1-Barbados-2022_07-pep.fasta,NCBI-Human-Hopkins2022-06-Ash1_v2.2.fasta,2784679,2680272,2607040,2857911,0.91221875,0.93620845,0.97267740
Pangenome-HPRC-Human-GCA_018466835.1-Barbados-2022_07-pep.fasta,NCBI-RefSeq-Human-GRCh38.p14-GCF_000001405.40-2022-02-03.fasta,2784679,2724291,2460422,3048548,0.80707996,0.88355678,0.90314214
Pangenome-HPRC-Human-GCA_018466835.1-Barbados-2022_07-pep.fasta,NCBI_RefSeq-Human-T2T-CHM13v2.0-T2T-GCF_009914755.1-2022-01-24.fasta,2784679,2733913,2465304,3053288,0.80742596,0.88530994,0.90174925
Pangenome-HPRC-Human-GCA_018466835.1-Barbados-2022_07-pep.fasta,Pangenome-HPRC-Human-GCA_018466835.1-Barbados-2022_07-pep.fasta,2784679,2784679,2784679,2784679,1.00000000,1.00000000,1.00000000
Pangenome-HPRC-Human-GCA_018466835.1-Barbados-2022_07-pep.fasta,Pangenome-HPRC-Human-GCA_018469405.1-Columbia-2022_07-pep.fasta,2784679,2783441,2727995,2840125,0.96051934,0.97964433,0.98008005
Pangenome-HPRC-Human-GCA_018466835.1-Barbados-2022_07-pep.fasta,Pangenome-HPRC-Human-GCA_018469415.1-Nigeria-2022_07-pep.fasta,2784679,2784252,2729225,2839706,0.96109421,0.98008604,0.98023634
Pangenome-HPRC-Human-GCA_018466835.1-Barbados-2022_07-pep.fasta,Pangenome-HPRC-Human-GCA_018472565.1-HanChineseSouth-2022_08-pep.fasta,2784679,2787238,2729210,2842707,0.96007432,0.98008065,0.97918082
Pangenome-HPRC-Human-GCA_018466835.1-Barbados-2022_07-pep.fasta,Pangenome-HPRC-Human-GCA_018504055.1-Vietnam-2022_07-pep.fasta,2784679,2783481,2725305,2842855,0.95865072,0.97867833,0.97909955
Pangenome-HPRC-Human-GCA_018466835.1-Barbados-2022_07-pep.fasta,Pangenome-HPRC-Human-GCA_018504625.1-swUSA-2022_07-pep.fasta,2784679,2785067,2730753,2838993,0.96187381,0.98063475,0.98049814
Pangenome-HPRC-Human-GCA_018466835.1-Barbados-2022_07-pep.fasta,Pangenome-HPRC-Human-GCA_018505835.1-Pakistan-2022_07-pep.fasta,2784679,2691871,2634321,2842229,0.92685037,0.94600527,0.97862082
Pangenome-HPRC-Human-GCA_018466835.1-Barbados-2022_07-pep.fasta,Pangenome-HPRC-Human-GCA_018852605.1-Caucasian-2022_07-pep.fasta,2784679,2694256,2636919,2842016,0.92783397,0.94693823,0.97871880
Pangenome-HPRC-Human-GCA_018466835.1-Barbados-2022_07-pep.fasta,UniProt-Human-UP000005640_canonical-2023_05.fasta,2784679,2402417,2314875,2872221,0.80595295,0.83128971,0.96356086
Pangenome-HPRC-Human-GCA_018466835.1-Barbados-2022_07-pep.fasta,UniProt_Human_9606_SP-Tr-2023_05.fasta,2784679,3471747,2677011,3579415,0.74789065,0.96133558,0.77108470
Pangenome-HPRC-Human-GCA_018466835.1-Barbados-2022_07-pep.fasta,UniProt_Human_9606_SP-iso_2023_05.fasta,2784679,2542314,2419822,2907171,0.83236315,0.86897700,0.95181870
Pangenome-HPRC-Human-GCA_018466835.1-Barbados-2022_07-pep.fasta,UniProt_Human_9606_SP_2023_05.fasta,2784679,2400476,2313445,2871710,0.80559841,0.83077619,0.96374427
Pangenome-HPRC-Human-GCA_018466835.1-Barbados-2022_07-pep.fasta,UniProt_Human_UP000005640_All_2023_05.fasta,2784679,2794482,2654864,2924297,0.90786401,0.95338242,0.95003797
Pangenome-HPRC-Human-GCA_018466835.1-Barbados-2022_07-pep.fasta,nextprot_Human-all-peff-2023-09-11.fasta,2784679,2540277,2418002,2906954,0.83179920,0.86832342,0.95186549
Pangenome-HPRC-Human-GCA_018469405.1-Columbia-2022_07-pep.fasta,Ensembl-Human-GRCh37.pep.all.fasta,2783441,2759262,2618999,2923704,0.89578117,0.94092133,0.94916648
Pangenome-HPRC-Human-GCA_018469405.1-Columbia-2022_07-pep.fasta,Ensembl-Human-GRCh38.pep.all.fasta,2783441,2828515,2723883,2888073,0.94314894,0.97860274,0.96300815
Pangenome-HPRC-Human-GCA_018469405.1-Columbia-2022_07-pep.fasta,Ensembl-Human-T2T_GCA_009914755.4-2022_07-pep.fasta,2783441,2792073,2741622,2833892,0.96744054,0.98497579,0.98193063
Pangenome-HPRC-Human-GCA_018469405.1-Columbia-2022_07-pep.fasta,NCBI-Human-ASM2283312v2-Celera2005.fasta,2783441,2704638,2234915,3253164,0.68699734,0.80293241,0.82632685
Pangenome-HPRC-Human-GCA_018469405.1-Columbia-2022_07-pep.fasta,NCBI-Human-Hopkins2022-06-Ash1_v2.2.fasta,2783441,2680272,2614122,2849591,0.91736744,0.93916918,0.97531967
Pangenome-HPRC-Human-GCA_018469405.1-Columbia-2022_07-pep.fasta,NCBI-RefSeq-Human-GRCh38.p14-GCF_000001405.40-2022-02-03.fasta,2783441,2724291,2465002,3042730,0.81012840,0.88559520,0.90482331
Pangenome-HPRC-Human-GCA_018469405.1-Columbia-2022_07-pep.fasta,NCBI_RefSeq-Human-T2T-CHM13v2.0-T2T-GCF_009914755.1-2022-01-24.fasta,2783441,2733913,2470848,3046506,0.81104321,0.88769548,0.90377711
Pangenome-HPRC-Human-GCA_018469405.1-Columbia-2022_07-pep.fasta,Pangenome-HPRC-Human-GCA_018466835.1-Barbados-2022_07-pep.fasta,2783441,2784679,2727995,2840125,0.96051934,0.98008005,0.97964433
Pangenome-HPRC-Human-GCA_018469405.1-Columbia-2022_07-pep.fasta,Pangenome-HPRC-Human-GCA_018469405.1-Columbia-2022_07-pep.fasta,2783441,2783441,2783441,2783441,1.00000000,1.00000000,1.00000000
Pangenome-HPRC-Human-GCA_018469405.1-Columbia-2022_07-pep.fasta,Pangenome-HPRC-Human-GCA_018469415.1-Nigeria-2022_07-pep.fasta,2783441,2784252,2725581,2842112,0.95899845,0.97921278,0.97892755
Pangenome-HPRC-Human-GCA_018469405.1-Columbia-2022_07-pep.fasta,Pangenome-HPRC-Human-GCA_018472565.1-HanChineseSouth-2022_08-pep.fasta,2783441,2787238,2737184,2833495,0.96600982,0.98338136,0.98204172
Pangenome-HPRC-Human-GCA_018469405.1-Columbia-2022_07-pep.fasta,Pangenome-HPRC-Human-GCA_018504055.1-Vietnam-2022_07-pep.fasta,2783441,2783481,2734174,2832748,0.96520199,0.98229997,0.98228585
Pangenome-HPRC-Human-GCA_018469405.1-Columbia-2022_07-pep.fasta,Pangenome-HPRC-Human-GCA_018504625.1-swUSA-2022_07-pep.fasta,2783441,2785067,2728502,2840006,0.96073811,0.98026220,0.97968990
Pangenome-HPRC-Human-GCA_018469405.1-Columbia-2022_07-pep.fasta,Pangenome-HPRC-Human-GCA_018505835.1-Pakistan-2022_07-pep.fasta,2783441,2691871,2640585,2834727,0.93151298,0.94867648,0.98094782
Pangenome-HPRC-Human-GCA_018469405.1-Columbia-2022_07-pep.fasta,Pangenome-HPRC-Human-GCA_018852605.1-Caucasian-2022_07-pep.fasta,2783441,2694256,2644424,2833273,0.93334599,0.95005570,0.98150436
Pangenome-HPRC-Human-GCA_018469405.1-Columbia-2022_07-pep.fasta,UniProt-Human-UP000005640_canonical-2023_05.fasta,2783441,2402417,2319188,2866670,0.80901813,0.83320897,0.96535614
Pangenome-HPRC-Human-GCA_018469405.1-Columbia-2022_07-pep.fasta,UniProt_Human_9606_SP-Tr-2023_05.fasta,2783441,3471747,2683010,3572178,0.75108519,0.96391840,0.77281265
Pangenome-HPRC-Human-GCA_018469405.1-Columbia-2022_07-pep.fasta,UniProt_Human_9606_SP-iso_2023_05.fasta,2783441,2542314,2424383,2901372,0.83559881,0.87100212,0.95361273
Pangenome-HPRC-Human-GCA_018469405.1-Columbia-2022_07-pep.fasta,UniProt_Human_9606_SP_2023_05.fasta,2783441,2400476,2317753,2866164,0.80866029,0.83269342,0.96553892
Pangenome-HPRC-Human-GCA_018469405.1-Columbia-2022_07-pep.fasta,UniProt_Human_UP000005640_All_2023_05.fasta,2783441,2794482,2660327,2917596,0.91182158,0.95576914,0.95199289
Pangenome-HPRC-Human-GCA_018469405.1-Columbia-2022_07-pep.fasta,nextprot_Human-all-peff-2023-09-11.fasta,2783441,2540277,2422631,2901087,0.83507699,0.87037268,0.95368773
Pangenome-HPRC-Human-GCA_018469415.1-Nigeria-2022_07-pep.fasta,Ensembl-Human-GRCh37.pep.all.fasta,2784252,2759262,2614066,2929448,0.89234081,0.93887550,0.94737868
Pangenome-HPRC-Human-GCA_018469415.1-Nigeria-2022_07-pep.fasta,Ensembl-Human-GRCh38.pep.all.fasta,2784252,2828515,2718622,2894145,0.93935238,0.97642814,0.96114816
Pangenome-HPRC-Human-GCA_018469415.1-Nigeria-2022_07-pep.fasta,Ensembl-Human-T2T_GCA_009914755.4-2022_07-pep.fasta,2784252,2792073,2731886,2844439,0.96043051,0.98119208,0.97844362
Pangenome-HPRC-Human-GCA_018469415.1-Nigeria-2022_07-pep.fasta,NCBI-Human-ASM2283312v2-Celera2005.fasta,2784252,2704638,2228908,3259982,0.68371789,0.80054104,0.82410585
Pangenome-HPRC-Human-GCA_018469415.1-Nigeria-2022_07-pep.fasta,NCBI-Human-Hopkins2022-06-Ash1_v2.2.fasta,2784252,2680272,2606510,2858014,0.91200043,0.93616167,0.97247966
Pangenome-HPRC-Human-GCA_018469415.1-Nigeria-2022_07-pep.fasta,NCBI-RefSeq-Human-GRCh38.p14-GCF_000001405.40-2022-02-03.fasta,2784252,2724291,2460928,3047615,0.80749307,0.88387402,0.90332788
Pangenome-HPRC-Human-GCA_018469415.1-Nigeria-2022_07-pep.fasta,NCBI_RefSeq-Human-T2T-CHM13v2.0-T2T-GCF_009914755.1-2022-01-24.fasta,2784252,2733913,2466210,3051955,0.80807548,0.88577112,0.90208064
Pangenome-HPRC-Human-GCA_018469415.1-Nigeria-2022_07-pep.fasta,Pangenome-HPRC-Human-GCA_018466835.1-Barbados-2022_07-pep.fasta,2784252,2784679,2729225,2839706,0.96109421,0.98023634,0.98008604
Pangenome-HPRC-Human-GCA_018469415.1-Nigeria-2022_07-pep.fasta,Pangenome-HPRC-Human-GCA_018469405.1-Columbia-2022_07-pep.fasta,2784252,2783441,2725581,2842112,0.95899845,0.97892755,0.97921278
Pangenome-HPRC-Human-GCA_018469415.1-Nigeria-2022_07-pep.fasta,Pangenome-HPRC-Human-GCA_018469415.1-Nigeria-2022_07-pep.fasta,2784252,2784252,2784252,2784252,1.00000000,1.00000000,1.00000000
Pangenome-HPRC-Human-GCA_018469415.1-Nigeria-2022_07-pep.fasta,Pangenome-HPRC-Human-GCA_018472565.1-HanChineseSouth-2022_08-pep.fasta,2784252,2787238,2728473,2843017,0.95971041,0.97996625,0.97891640
Pangenome-HPRC-Human-GCA_018469415.1-Nigeria-2022_07-pep.fasta,Pangenome-HPRC-Human-GCA_018504055.1-Vietnam-2022_07-pep.fasta,2784252,2783481,2724788,2842945,0.95843852,0.97864274,0.97891381
Pangenome-HPRC-Human-GCA_018469415.1-Nigeria-2022_07-pep.fasta,Pangenome-HPRC-Human-GCA_018504625.1-swUSA-2022_07-pep.fasta,2784252,2785067,2729113,2840206,0.96088558,0.98019612,0.97990928
Pangenome-HPRC-Human-GCA_018469415.1-Nigeria-2022_07-pep.fasta,Pangenome-HPRC-Human-GCA_018505835.1-Pakistan-2022_07-pep.fasta,2784252,2691871,2633189,2842934,0.92622235,0.94574378,0.97820029
Pangenome-HPRC-Human-GCA_018469415.1-Nigeria-2022_07-pep.fasta,Pangenome-HPRC-Human-GCA_018852605.1-Caucasian-2022_07-pep.fasta,2784252,2694256,2636505,2842003,0.92769255,0.94693476,0.97856514
Pangenome-HPRC-Human-GCA_018469415.1-Nigeria-2022_07-pep.fasta,UniProt-Human-UP000005640_canonical-2023_05.fasta,2784252,2402417,2315518,2871151,0.80647726,0.83164814,0.96382851
Pangenome-HPRC-Human-GCA_018469415.1-Nigeria-2022_07-pep.fasta,UniProt_Human_9606_SP-Tr-2023_05.fasta,2784252,3471747,2677873,3578126,0.74840098,0.96179261,0.77133299
Pangenome-HPRC-Human-GCA_018469415.1-Nigeria-2022_07-pep.fasta,UniProt_Human_9606_SP-iso_2023_05.fasta,2784252,2542314,2420371,2906195,0.83283159,0.86930745,0.95203464
Pangenome-HPRC-Human-GCA_018469415.1-Nigeria-2022_07-pep.fasta,UniProt_Human_9606_SP_2023_05.fasta,2784252,2400476,2314077,2870651,0.80611576,0.83113059,0.96400756
Pangenome-HPRC-Human-GCA_018469415.1-Nigeria-2022_07-pep.fasta,UniProt_Human_UP000005640_All_2023_05.fasta,2784252,2794482,2655355,2923379,0.90831705,0.95370498,0.95021367
Pangenome-HPRC-Human-GCA_018469415.1-Nigeria-2022_07-pep.fasta,nextprot_Human-all-peff-2023-09-11.fasta,2784252,2540277,2418580,2905949,0.83228577,0.86866419,0.95209302
Pangenome-HPRC-Human-GCA_018472565.1-HanChineseSouth-2022_08-pep.fasta,Ensembl-Human-GRCh37.pep.all.fasta,2787238,2759262,2620867,2925633,0.89582904,0.94030973,0.94984347
Pangenome-HPRC-Human-GCA_018472565.1-HanChineseSouth-2022_08-pep.fasta,Ensembl-Human-GRCh38.pep.all.fasta,2787238,2828515,2725890,2889863,0.94325925,0.97798968,0.96371771
Pangenome-HPRC-Human-GCA_018472565.1-HanChineseSouth-2022_08-pep.fasta,Ensembl-Human-T2T_GCA_009914755.4-2022_07-pep.fasta,2787238,2792073,2742942,2836369,0.96706106,0.98410756,0.98240340
Pangenome-HPRC-Human-GCA_018472565.1-HanChineseSouth-2022_08-pep.fasta,NCBI-Human-ASM2283312v2-Celera2005.fasta,2787238,2704638,2236055,3255821,0.68678684,0.80224760,0.82674835
Pangenome-HPRC-Human-GCA_018472565.1-HanChineseSouth-2022_08-pep.fasta,NCBI-Human-Hopkins2022-06-Ash1_v2.2.fasta,2787238,2680272,2616276,2851234,0.91759428,0.93866258,0.97612332
Pangenome-HPRC-Human-GCA_018472565.1-HanChineseSouth-2022_08-pep.fasta,NCBI-RefSeq-Human-GRCh38.p14-GCF_000001405.40-2022-02-03.fasta,2787238,2724291,2466618,3044911,0.81007885,0.88496856,0.90541649
Pangenome-HPRC-Human-GCA_018472565.1-HanChineseSouth-2022_08-pep.fasta,NCBI_RefSeq-Human-T2T-CHM13v2.0-T2T-GCF_009914755.1-2022-01-24.fasta,2787238,2733913,2472672,3048479,0.81111663,0.88714060,0.90444429
Pangenome-HPRC-Human-GCA_018472565.1-HanChineseSouth-2022_08-pep.fasta,Pangenome-HPRC-Human-GCA_018466835.1-Barbados-2022_07-pep.fasta,2787238,2784679,2729210,2842707,0.96007432,0.97918082,0.98008065
Pangenome-HPRC-Human-GCA_018472565.1-HanChineseSouth-2022_08-pep.fasta,Pangenome-HPRC-Human-GCA_018469405.1-Columbia-2022_07-pep.fasta,2787238,2783441,2737184,2833495,0.96600982,0.98204172,0.98338136
Pangenome-HPRC-Human-GCA_018472565.1-HanChineseSouth-2022_08-pep.fasta,Pangenome-HPRC-Human-GCA_018469415.1-Nigeria-2022_07-pep.fasta,2787238,2784252,2728473,2843017,0.95971041,0.97891640,0.97996625
Pangenome-HPRC-Human-GCA_018472565.1-HanChineseSouth-2022_08-pep.fasta,Pangenome-HPRC-Human-GCA_018472565.1-HanChineseSouth-2022_08-pep.fasta,2787238,2787238,2787238,2787238,1.00000000,1.00000000,1.00000000
Pangenome-HPRC-Human-GCA_018472565.1-HanChineseSouth-2022_08-pep.fasta,Pangenome-HPRC-Human-GCA_018504055.1-Vietnam-2022_07-pep.fasta,2787238,2783481,2743265,2827454,0.97022445,0.98422345,0.98555190
Pangenome-HPRC-Human-GCA_018472565.1-HanChineseSouth-2022_08-pep.fasta,Pangenome-HPRC-Human-GCA_018504625.1-swUSA-2022_07-pep.fasta,2787238,2785067,2729292,2843013,0.95999983,0.97921024,0.97997355
Pangenome-HPRC-Human-GCA_018472565.1-HanChineseSouth-2022_08-pep.fasta,Pangenome-HPRC-Human-GCA_018505835.1-Pakistan-2022_07-pep.fasta,2787238,2691871,2643690,2835419,0.93238072,0.94849812,0.98210130
Pangenome-HPRC-Human-GCA_018472565.1-HanChineseSouth-2022_08-pep.fasta,Pangenome-HPRC-Human-GCA_018852605.1-Caucasian-2022_07-pep.fasta,2787238,2694256,2646418,2835076,0.93345575,0.94947687,0.98224445
Pangenome-HPRC-Human-GCA_018472565.1-HanChineseSouth-2022_08-pep.fasta,UniProt-Human-UP000005640_canonical-2023_05.fasta,2787238,2402417,2320351,2869304,0.80868078,0.83249116,0.96584024
Pangenome-HPRC-Human-GCA_018472565.1-HanChineseSouth-2022_08-pep.fasta,UniProt_Human_9606_SP-Tr-2023_05.fasta,2787238,3471747,2685530,3573455,0.75152199,0.96350940,0.77353851
Pangenome-HPRC-Human-GCA_018472565.1-HanChineseSouth-2022_08-pep.fasta,UniProt_Human_9606_SP-iso_2023_05.fasta,2787238,2542314,2425813,2903739,0.83541014,0.87032862,0.95417521
Pangenome-HPRC-Human-GCA_018472565.1-HanChineseSouth-2022_08-pep.fasta,UniProt_Human_9606_SP_2023_05.fasta,2787238,2400476,2318914,2868800,0.80832195,0.83197560,0.96602257
Pangenome-HPRC-Human-GCA_018472565.1-HanChineseSouth-2022_08-pep.fasta,UniProt_Human_UP000005640_All_2023_05.fasta,2787238,2794482,2662204,2919516,0.91186484,0.95514054,0.95266457
Pangenome-HPRC-Human-GCA_018472565.1-HanChineseSouth-2022_08-pep.fasta,nextprot_Human-all-peff-2023-09-11.fasta,2787238,2540277,2424024,2903491,0.83486534,0.86968677,0.95423609
Pangenome-HPRC-Human-GCA_018504055.1-Vietnam-2022_07-pep.fasta,Ensembl-Human-GRCh37.pep.all.fasta,2783481,2759262,2617773,2924970,0.89497431,0.94046735,0.94872216
Pangenome-HPRC-Human-GCA_018504055.1-Vietnam-2022_07-pep.fasta,Ensembl-Human-GRCh38.pep.all.fasta,2783481,2828515,2722232,2889764,0.94202572,0.97799554,0.96242445
Pangenome-HPRC-Human-GCA_018504055.1-Vietnam-2022_07-pep.fasta,Ensembl-Human-T2T_GCA_009914755.4-2022_07-pep.fasta,2783481,2792073,2739187,2836367,0.96573786,0.98408683,0.98105852
Pangenome-HPRC-Human-GCA_018504055.1-Vietnam-2022_07-pep.fasta,NCBI-Human-ASM2283312v2-Celera2005.fasta,2783481,2704638,2232715,3255404,0.68584882,0.80213050,0.82551343
Pangenome-HPRC-Human-GCA_018504055.1-Vietnam-2022_07-pep.fasta,NCBI-Human-Hopkins2022-06-Ash1_v2.2.fasta,2783481,2680272,2611829,2851924,0.91581297,0.93833189,0.97446416
Pangenome-HPRC-Human-GCA_018504055.1-Vietnam-2022_07-pep.fasta,NCBI-RefSeq-Human-GRCh38.p14-GCF_000001405.40-2022-02-03.fasta,2783481,2724291,2463662,3044110,0.80932095,0.88510107,0.90433144
Pangenome-HPRC-Human-GCA_018504055.1-Vietnam-2022_07-pep.fasta,NCBI_RefSeq-Human-T2T-CHM13v2.0-T2T-GCF_009914755.1-2022-01-24.fasta,2783481,2733913,2469134,3048260,0.81001424,0.88706695,0.90315017
Pangenome-HPRC-Human-GCA_018504055.1-Vietnam-2022_07-pep.fasta,Pangenome-HPRC-Human-GCA_018466835.1-Barbados-2022_07-pep.fasta,2783481,2784679,2725305,2842855,0.95865072,0.97909955,0.97867833
Pangenome-HPRC-Human-GCA_018504055.1-Vietnam-2022_07-pep.fasta,Pangenome-HPRC-Human-GCA_018469405.1-Columbia-2022_07-pep.fasta,2783481,2783441,2734174,2832748,0.96520199,0.98228585,0.98229997
Pangenome-HPRC-Human-GCA_018504055.1-Vietnam-2022_07-pep.fasta,Pangenome-HPRC-Human-GCA_018469415.1-Nigeria-2022_07-pep.fasta,2783481,2784252,2724788,2842945,0.95843852,0.97891381,0.97864274
Pangenome-HPRC-Human-GCA_018504055.1-Vietnam-2022_07-pep.fasta,Pangenome-HPRC-Human-GCA_018472565.1-HanChineseSouth-2022_08-pep.fasta,2783481,2787238,2743265,2827454,0.97022445,0.98555190,0.98422345
Pangenome-HPRC-Human-GCA_018504055.1-Vietnam-2022_07-pep.fasta,Pangenome-HPRC-Human-GCA_018504055.1-Vietnam-2022_07-pep.fasta,2783481,2783481,2783481,2783481,1.00000000,1.00000000,1.00000000
Pangenome-HPRC-Human-GCA_018504055.1-Vietnam-2022_07-pep.fasta,Pangenome-HPRC-Human-GCA_018504625.1-swUSA-2022_07-pep.fasta,2783481,2785067,2725400,2843148,0.95858534,0.97913368,0.97857610
Pangenome-HPRC-Human-GCA_018504055.1-Vietnam-2022_07-pep.fasta,Pangenome-HPRC-Human-GCA_018505835.1-Pakistan-2022_07-pep.fasta,2783481,2691871,2641176,2834176,0.93190261,0.94887517,0.98116737
Pangenome-HPRC-Human-GCA_018504055.1-Vietnam-2022_07-pep.fasta,Pangenome-HPRC-Human-GCA_018852605.1-Caucasian-2022_07-pep.fasta,2783481,2694256,2642529,2835208,0.93204061,0.94936125,0.98080101
Pangenome-HPRC-Human-GCA_018504055.1-Vietnam-2022_07-pep.fasta,UniProt-Human-UP000005640_canonical-2023_05.fasta,2783481,2402417,2317902,2867996,0.80819569,0.83273498,0.96482085
Pangenome-HPRC-Human-GCA_018504055.1-Vietnam-2022_07-pep.fasta,UniProt_Human_9606_SP-Tr-2023_05.fasta,2783481,3471747,2681455,3573773,0.75031486,0.96334590,0.77236475
Pangenome-HPRC-Human-GCA_018504055.1-Vietnam-2022_07-pep.fasta,UniProt_Human_9606_SP-iso_2023_05.fasta,2783481,2542314,2423022,2902773,0.83472666,0.87050064,0.95307739
Pangenome-HPRC-Human-GCA_018504055.1-Vietnam-2022_07-pep.fasta,UniProt_Human_9606_SP_2023_05.fasta,2783481,2400476,2316496,2867461,0.80785615,0.83222986,0.96501527
Pangenome-HPRC-Human-GCA_018504055.1-Vietnam-2022_07-pep.fasta,UniProt_Human_UP000005640_All_2023_05.fasta,2783481,2794482,2658703,2919260,0.91074553,0.95517196,0.95141175
Pangenome-HPRC-Human-GCA_018504055.1-Vietnam-2022_07-pep.fasta,nextprot_Human-all-peff-2023-09-11.fasta,2783481,2540277,2421243,2902515,0.83418794,0.86986152,0.95314133
Pangenome-HPRC-Human-GCA_018504625.1-swUSA-2022_07-pep.fasta,Ensembl-Human-GRCh37.pep.all.fasta,2785067,2759262,2614441,2929888,0.89233479,0.93873541,0.94751459
Pangenome-HPRC-Human-GCA_018504625.1-swUSA-2022_07-pep.fasta,Ensembl-Human-GRCh38.pep.all.fasta,2785067,2828515,2719008,2894574,0.93934652,0.97628100,0.96128463
Pangenome-HPRC-Human-GCA_018504625.1-swUSA-2022_07-pep.fasta,Ensembl-Human-T2T_GCA_009914755.4-2022_07-pep.fasta,2785067,2792073,2734380,2842760,0.96187508,0.98180044,0.97933686
Pangenome-HPRC-Human-GCA_018504625.1-swUSA-2022_07-pep.fasta,NCBI-Human-ASM2283312v2-Celera2005.fasta,2785067,2704638,2230352,3259353,0.68429286,0.80082526,0.82463975
Pangenome-HPRC-Human-GCA_018504625.1-swUSA-2022_07-pep.fasta,NCBI-Human-Hopkins2022-06-Ash1_v2.2.fasta,2785067,2680272,2606882,2858457,0.91198923,0.93602129,0.97261845
Pangenome-HPRC-Human-GCA_018504625.1-swUSA-2022_07-pep.fasta,NCBI-RefSeq-Human-GRCh38.p14-GCF_000001405.40-2022-02-03.fasta,2785067,2724291,2461363,3047995,0.80753512,0.88377156,0.90348755
Pangenome-HPRC-Human-GCA_018504625.1-swUSA-2022_07-pep.fasta,NCBI_RefSeq-Human-T2T-CHM13v2.0-T2T-GCF_009914755.1-2022-01-24.fasta,2785067,2733913,2466766,3052214,0.80818907,0.88571155,0.90228402
Pangenome-HPRC-Human-GCA_018504625.1-swUSA-2022_07-pep.fasta,Pangenome-HPRC-Human-GCA_018466835.1-Barbados-2022_07-pep.fasta,2785067,2784679,2730753,2838993,0.96187381,0.98049814,0.98063475
Pangenome-HPRC-Human-GCA_018504625.1-swUSA-2022_07-pep.fasta,Pangenome-HPRC-Human-GCA_018469405.1-Columbia-2022_07-pep.fasta,2785067,2783441,2728502,2840006,0.96073811,0.97968990,0.98026220
Pangenome-HPRC-Human-GCA_018504625.1-swUSA-2022_07-pep.fasta,Pangenome-HPRC-Human-GCA_018469415.1-Nigeria-2022_07-pep.fasta,2785067,2784252,2729113,2840206,0.96088558,0.97990928,0.98019612
Pangenome-HPRC-Human-GCA_018504625.1-swUSA-2022_07-pep.fasta,Pangenome-HPRC-Human-GCA_018472565.1-HanChineseSouth-2022_08-pep.fasta,2785067,2787238,2729292,2843013,0.95999983,0.97997355,0.97921024
Pangenome-HPRC-Human-GCA_018504625.1-swUSA-2022_07-pep.fasta,Pangenome-HPRC-Human-GCA_018504055.1-Vietnam-2022_07-pep.fasta,2785067,2783481,2725400,2843148,0.95858534,0.97857610,0.97913368
Pangenome-HPRC-Human-GCA_018504625.1-swUSA-2022_07-pep.fasta,Pangenome-HPRC-Human-GCA_018504625.1-swUSA-2022_07-pep.fasta,2785067,2785067,2785067,2785067,1.00000000,1.00000000,1.00000000
Pangenome-HPRC-Human-GCA_018504625.1-swUSA-2022_07-pep.fasta,Pangenome-HPRC-Human-GCA_018505835.1-Pakistan-2022_07-pep.fasta,2785067,2691871,2635432,2841506,0.92747719,0.94627239,0.97903354
Pangenome-HPRC-Human-GCA_018504625.1-swUSA-2022_07-pep.fasta,Pangenome-HPRC-Human-GCA_018852605.1-Caucasian-2022_07-pep.fasta,2785067,2694256,2637368,2841955,0.92801188,0.94696752,0.97888545
Pangenome-HPRC-Human-GCA_018504625.1-swUSA-2022_07-pep.fasta,UniProt-Human-UP000005640_canonical-2023_05.fasta,2785067,2402417,2315677,2871807,0.80634841,0.83146186,0.96389469
Pangenome-HPRC-Human-GCA_018504625.1-swUSA-2022_07-pep.fasta,UniProt_Human_9606_SP-Tr-2023_05.fasta,2785067,3471747,2678208,3578606,0.74839421,0.96163144,0.77142948
Pangenome-HPRC-Human-GCA_018504625.1-swUSA-2022_07-pep.fasta,UniProt_Human_9606_SP-iso_2023_05.fasta,2785067,2542314,2420468,2906913,0.83265925,0.86908789,0.95207280
Pangenome-HPRC-Human-GCA_018504625.1-swUSA-2022_07-pep.fasta,UniProt_Human_9606_SP_2023_05.fasta,2785067,2400476,2314236,2871307,0.80598696,0.83094446,0.96407379
Pangenome-HPRC-Human-GCA_018504625.1-swUSA-2022_07-pep.fasta,UniProt_Human_UP000005640_All_2023_05.fasta,2785067,2794482,2655809,2923740,0.90836018,0.95358891,0.95037613
Pangenome-HPRC-Human-GCA_018504625.1-swUSA-2022_07-pep.fasta,nextprot_Human-all-peff-2023-09-11.fasta,2785067,2540277,2418701,2906643,0.83212868,0.86845343,0.95214065
Pangenome-HPRC-Human-GCA_018505835.1-Pakistan-2022_07-pep.fasta,Ensembl-Human-GRCh37.pep.all.fasta,2691871,2759262,2534021,2917112,0.86867457,0.94136049,0.91836911
Pangenome-HPRC-Human-GCA_018505835.1-Pakistan-2022_07-pep.fasta,Ensembl-Human-GRCh38.pep.all.fasta,2691871,2828515,2633262,2887124,0.91207097,0.97822741,0.93096978
Pangenome-HPRC-Human-GCA_018505835.1-Pakistan-2022_07-pep.fasta,Ensembl-Human-T2T_GCA_009914755.4-2022_07-pep.fasta,2691871,2792073,2649275,2834669,0.93459765,0.98417606,0.94885592
Pangenome-HPRC-Human-GCA_018505835.1-Pakistan-2022_07-pep.fasta,NCBI-Human-ASM2283312v2-Celera2005.fasta,2691871,2704638,2157496,3239013,0.66609674,0.80148566,0.79770232
Pangenome-HPRC-Human-GCA_018505835.1-Pakistan-2022_07-pep.fasta,NCBI-Human-Hopkins2022-06-Ash1_v2.2.fasta,2691871,2680272,2525707,2846436,0.88732260,0.93827193,0.94233235
Pangenome-HPRC-Human-GCA_018505835.1-Pakistan-2022_07-pep.fasta,NCBI-RefSeq-Human-GRCh38.p14-GCF_000001405.40-2022-02-03.fasta,2691871,2724291,2380593,3035569,0.78423287,0.88436370,0.87383947
Pangenome-HPRC-Human-GCA_018505835.1-Pakistan-2022_07-pep.fasta,NCBI_RefSeq-Human-T2T-CHM13v2.0-T2T-GCF_009914755.1-2022-01-24.fasta,2691871,2733913,2386108,3039676,0.78498761,0.88641246,0.87278125
Pangenome-HPRC-Human-GCA_018505835.1-Pakistan-2022_07-pep.fasta,Pangenome-HPRC-Human-GCA_018466835.1-Barbados-2022_07-pep.fasta,2691871,2784679,2634321,2842229,0.92685037,0.97862082,0.94600527
Pangenome-HPRC-Human-GCA_018505835.1-Pakistan-2022_07-pep.fasta,Pangenome-HPRC-Human-GCA_018469405.1-Columbia-2022_07-pep.fasta,2691871,2783441,2640585,2834727,0.93151298,0.98094782,0.94867648
Pangenome-HPRC-Human-GCA_018505835.1-Pakistan-2022_07-pep.fasta,Pangenome-HPRC-Human-GCA_018469415.1-Nigeria-2022_07-pep.fasta,2691871,2784252,2633189,2842934,0.92622235,0.97820029,0.94574378
Pangenome-HPRC-Human-GCA_018505835.1-Pakistan-2022_07-pep.fasta,Pangenome-HPRC-Human-GCA_018472565.1-HanChineseSouth-2022_08-pep.fasta,2691871,2787238,2643690,2835419,0.93238072,0.98210130,0.94849812
Pangenome-HPRC-Human-GCA_018505835.1-Pakistan-2022_07-pep.fasta,Pangenome-HPRC-Human-GCA_018504055.1-Vietnam-2022_07-pep.fasta,2691871,2783481,2641176,2834176,0.93190261,0.98116737,0.94887517
Pangenome-HPRC-Human-GCA_018505835.1-Pakistan-2022_07-pep.fasta,Pangenome-HPRC-Human-GCA_018504625.1-swUSA-2022_07-pep.fasta,2691871,2785067,2635432,2841506,0.92747719,0.97903354,0.94627239
Pangenome-HPRC-Human-GCA_018505835.1-Pakistan-2022_07-pep.fasta,Pangenome-HPRC-Human-GCA_018505835.1-Pakistan-2022_07-pep.fasta,2691871,2691871,2691871,2691871,1.00000000,1.00000000,1.00000000
Pangenome-HPRC-Human-GCA_018505835.1-Pakistan-2022_07-pep.fasta,Pangenome-HPRC-Human-GCA_018852605.1-Caucasian-2022_07-pep.fasta,2691871,2694256,2647804,2738323,0.96694364,0.98362960,0.98275888
Pangenome-HPRC-Human-GCA_018505835.1-Pakistan-2022_07-pep.fasta,UniProt-Human-UP000005640_canonical-2023_05.fasta,2691871,2402417,2238485,2855803,0.78383733,0.83157217,0.93176372
Pangenome-HPRC-Human-GCA_018505835.1-Pakistan-2022_07-pep.fasta,UniProt_Human_9606_SP-Tr-2023_05.fasta,2691871,3471747,2594110,3569508,0.72674161,0.96368288,0.74720595
Pangenome-HPRC-Human-GCA_018505835.1-Pakistan-2022_07-pep.fasta,UniProt_Human_9606_SP-iso_2023_05.fasta,2691871,2542314,2340604,2893581,0.80889528,0.86950823,0.92065890
Pangenome-HPRC-Human-GCA_018505835.1-Pakistan-2022_07-pep.fasta,UniProt_Human_9606_SP_2023_05.fasta,2691871,2400476,2237234,2855113,0.78358860,0.83110743,0.93199599
Pangenome-HPRC-Human-GCA_018505835.1-Pakistan-2022_07-pep.fasta,UniProt_Human_UP000005640_All_2023_05.fasta,2691871,2794482,2571819,2914534,0.88241173,0.95540202,0.92032047
Pangenome-HPRC-Human-GCA_018505835.1-Pakistan-2022_07-pep.fasta,nextprot_Human-all-peff-2023-09-11.fasta,2691871,2540277,2339556,2892592,0.80880954,0.86911891,0.92098460
Pangenome-HPRC-Human-GCA_018852605.1-Caucasian-2022_07-pep.fasta,Ensembl-Human-GRCh37.pep.all.fasta,2694256,2759262,2539065,2914453,0.87119779,0.94239931,0.92019714
Pangenome-HPRC-Human-GCA_018852605.1-Caucasian-2022_07-pep.fasta,Ensembl-Human-GRCh38.pep.all.fasta,2694256,2828515,2638463,2884308,0.91476465,0.97929187,0.93280856
Pangenome-HPRC-Human-GCA_018852605.1-Caucasian-2022_07-pep.fasta,Ensembl-Human-T2T_GCA_009914755.4-2022_07-pep.fasta,2694256,2792073,2655504,2830825,0.93806717,0.98561681,0.95108688
Pangenome-HPRC-Human-GCA_018852605.1-Caucasian-2022_07-pep.fasta,NCBI-Human-ASM2283312v2-Celera2005.fasta,2694256,2704638,2162536,3236358,0.66820049,0.80264682,0.79956578
Pangenome-HPRC-Human-GCA_018852605.1-Caucasian-2022_07-pep.fasta,NCBI-Human-Hopkins2022-06-Ash1_v2.2.fasta,2694256,2680272,2535322,2839206,0.89296867,0.94101006,0.94591967
Pangenome-HPRC-Human-GCA_018852605.1-Caucasian-2022_07-pep.fasta,NCBI-RefSeq-Human-GRCh38.p14-GCF_000001405.40-2022-02-03.fasta,2694256,2724291,2385496,3033051,0.78650046,0.88540064,0.87563920
Pangenome-HPRC-Human-GCA_018852605.1-Caucasian-2022_07-pep.fasta,NCBI_RefSeq-Human-T2T-CHM13v2.0-T2T-GCF_009914755.1-2022-01-24.fasta,2694256,2733913,2391381,3036788,0.78747051,0.88758492,0.87470999
Pangenome-HPRC-Human-GCA_018852605.1-Caucasian-2022_07-pep.fasta,Pangenome-HPRC-Human-GCA_018466835.1-Barbados-2022_07-pep.fasta,2694256,2784679,2636919,2842016,0.92783397,0.97871880,0.94693823
Pangenome-HPRC-Human-GCA_018852605.1-Caucasian-2022_07-pep.fasta,Pangenome-HPRC-Human-GCA_018469405.1-Columbia-2022_07-pep.fasta,2694256,2783441,2644424,2833273,0.93334599,0.98150436,0.95005570
Pangenome-HPRC-Human-GCA_018852605.1-Caucasian-2022_07-pep.fasta,Pangenome-HPRC-Human-GCA_018469415.1-Nigeria-2022_07-pep.fasta,2694256,2784252,2636505,2842003,0.92769255,0.97856514,0.94693476
Pangenome-HPRC-Human-GCA_018852605.1-Caucasian-2022_07-pep.fasta,Pangenome-HPRC-Human-GCA_018472565.1-HanChineseSouth-2022_08-pep.fasta,2694256,2787238,2646418,2835076,0.93345575,0.98224445,0.94947687
Pangenome-HPRC-Human-GCA_018852605.1-Caucasian-2022_07-pep.fasta,Pangenome-HPRC-Human-GCA_018504055.1-Vietnam-2022_07-pep.fasta,2694256,2783481,2642529,2835208,0.93204061,0.98080101,0.94936125
Pangenome-HPRC-Human-GCA_018852605.1-Caucasian-2022_07-pep.fasta,Pangenome-HPRC-Human-GCA_018504625.1-swUSA-2022_07-pep.fasta,2694256,2785067,2637368,2841955,0.92801188,0.97888545,0.94696752
Pangenome-HPRC-Human-GCA_018852605.1-Caucasian-2022_07-pep.fasta,Pangenome-HPRC-Human-GCA_018505835.1-Pakistan-2022_07-pep.fasta,2694256,2691871,2647804,2738323,0.96694364,0.98275888,0.98362960
Pangenome-HPRC-Human-GCA_018852605.1-Caucasian-2022_07-pep.fasta,Pangenome-HPRC-Human-GCA_018852605.1-Caucasian-2022_07-pep.fasta,2694256,2694256,2694256,2694256,1.00000000,1.00000000,1.00000000
Pangenome-HPRC-Human-GCA_018852605.1-Caucasian-2022_07-pep.fasta,UniProt-Human-UP000005640_canonical-2023_05.fasta,2694256,2402417,2243122,2853551,0.78608092,0.83255711,0.93369386
Pangenome-HPRC-Human-GCA_018852605.1-Caucasian-2022_07-pep.fasta,UniProt_Human_9606_SP-Tr-2023_05.fasta,2694256,3471747,2599123,3566880,0.72868249,0.96469044,0.74864989
Pangenome-HPRC-Human-GCA_018852605.1-Caucasian-2022_07-pep.fasta,UniProt_Human_9606_SP-iso_2023_05.fasta,2694256,2542314,2345268,2891302,0.81114598,0.87046962,0.92249344
Pangenome-HPRC-Human-GCA_018852605.1-Caucasian-2022_07-pep.fasta,UniProt_Human_9606_SP_2023_05.fasta,2694256,2400476,2241845,2852887,0.78581626,0.83208314,0.93391686
Pangenome-HPRC-Human-GCA_018852605.1-Caucasian-2022_07-pep.fasta,UniProt_Human_UP000005640_All_2023_05.fasta,2694256,2794482,2577033,2911705,0.88505978,0.95649151,0.92218629
Pangenome-HPRC-Human-GCA_018852605.1-Caucasian-2022_07-pep.fasta,nextprot_Human-all-peff-2023-09-11.fasta,2694256,2540277,2344170,2890363,0.81102962,0.87006209,0.92280094
UniProt-Human-UP000005640_canonical-2023_05.fasta,Ensembl-Human-GRCh37.pep.all.fasta,2402417,2759262,2345693,2815986,0.83299171,0.97638878,0.85011608
UniProt-Human-UP000005640_canonical-2023_05.fasta,Ensembl-Human-GRCh38.pep.all.fasta,2402417,2828515,2366126,2864806,0.82592888,0.98489396,0.83652588
UniProt-Human-UP000005640_canonical-2023_05.fasta,Ensembl-Human-T2T_GCA_009914755.4-2022_07-pep.fasta,2402417,2792073,2327694,2866796,0.81194965,0.96889674,0.83367949
UniProt-Human-UP000005640_canonical-2023_05.fasta,NCBI-Human-ASM2283312v2-Celera2005.fasta,2402417,2704638,2180110,2926945,0.74484146,0.90746527,0.80606351
UniProt-Human-UP000005640_canonical-2023_05.fasta,NCBI-Human-Hopkins2022-06-Ash1_v2.2.fasta,2402417,2680272,2307515,2775174,0.83148480,0.96049728,0.86092568
UniProt-Human-UP000005640_canonical-2023_05.fasta,NCBI-RefSeq-Human-GRCh38.p14-GCF_000001405.40-2022-02-03.fasta,2402417,2724291,2358134,2768574,0.85175040,0.98156731,0.86559549
UniProt-Human-UP000005640_canonical-2023_05.fasta,NCBI_RefSeq-Human-T2T-CHM13v2.0-T2T-GCF_009914755.1-2022-01-24.fasta,2402417,2733913,2354250,2782080,0.84621938,0.97995061,0.86112835
UniProt-Human-UP000005640_canonical-2023_05.fasta,Pangenome-HPRC-Human-GCA_018466835.1-Barbados-2022_07-pep.fasta,2402417,2784679,2314875,2872221,0.80595295,0.96356086,0.83128971
UniProt-Human-UP000005640_canonical-2023_05.fasta,Pangenome-HPRC-Human-GCA_018469405.1-Columbia-2022_07-pep.fasta,2402417,2783441,2319188,2866670,0.80901813,0.96535614,0.83320897
UniProt-Human-UP000005640_canonical-2023_05.fasta,Pangenome-HPRC-Human-GCA_018469415.1-Nigeria-2022_07-pep.fasta,2402417,2784252,2315518,2871151,0.80647726,0.96382851,0.83164814
UniProt-Human-UP000005640_canonical-2023_05.fasta,Pangenome-HPRC-Human-GCA_018472565.1-HanChineseSouth-2022_08-pep.fasta,2402417,2787238,2320351,2869304,0.80868078,0.96584024,0.83249116
UniProt-Human-UP000005640_canonical-2023_05.fasta,Pangenome-HPRC-Human-GCA_018504055.1-Vietnam-2022_07-pep.fasta,2402417,2783481,2317902,2867996,0.80819569,0.96482085,0.83273498
UniProt-Human-UP000005640_canonical-2023_05.fasta,Pangenome-HPRC-Human-GCA_018504625.1-swUSA-2022_07-pep.fasta,2402417,2785067,2315677,2871807,0.80634841,0.96389469,0.83146186
UniProt-Human-UP000005640_canonical-2023_05.fasta,Pangenome-HPRC-Human-GCA_018505835.1-Pakistan-2022_07-pep.fasta,2402417,2691871,2238485,2855803,0.78383733,0.93176372,0.83157217
UniProt-Human-UP000005640_canonical-2023_05.fasta,Pangenome-HPRC-Human-GCA_018852605.1-Caucasian-2022_07-pep.fasta,2402417,2694256,2243122,2853551,0.78608092,0.93369386,0.83255711
UniProt-Human-UP000005640_canonical-2023_05.fasta,UniProt-Human-UP000005640_canonical-2023_05.fasta,2402417,2402417,2402417,2402417,1.00000000,1.00000000,1.00000000
UniProt-Human-UP000005640_canonical-2023_05.fasta,UniProt_Human_9606_SP-Tr-2023_05.fasta,2402417,3471747,2402417,3471747,0.69199080,1.00000000,0.69199080
UniProt-Human-UP000005640_canonical-2023_05.fasta,UniProt_Human_9606_SP-iso_2023_05.fasta,2402417,2542314,2398374,2546357,0.94188443,0.99831711,0.94338229
UniProt-Human-UP000005640_canonical-2023_05.fasta,UniProt_Human_9606_SP_2023_05.fasta,2402417,2400476,2398345,2404548,0.99742031,0.99830504,0.99911226
UniProt-Human-UP000005640_canonical-2023_05.fasta,UniProt_Human_UP000005640_All_2023_05.fasta,2402417,2794482,2402417,2794482,0.85970030,1.00000000,0.85970030
UniProt-Human-UP000005640_canonical-2023_05.fasta,nextprot_Human-all-peff-2023-09-11.fasta,2402417,2540277,2396007,2546687,0.94083293,0.99733185,0.94320698
UniProt_Human_9606_SP-Tr-2023_05.fasta,Ensembl-Human-GRCh37.pep.all.fasta,3471747,2759262,2650210,3580799,0.74011694,0.76336496,0.96047784
UniProt_Human_9606_SP-Tr-2023_05.fasta,Ensembl-Human-GRCh38.pep.all.fasta,3471747,2828515,2765922,3534340,0.78258515,0.79669457,0.97787072
UniProt_Human_9606_SP-Tr-2023_05.fasta,Ensembl-Human-T2T_GCA_009914755.4-2022_07-pep.fasta,3471747,2792073,2693386,3570434,0.75435815,0.77580135,0.96465458
UniProt_Human_9606_SP-Tr-2023_05.fasta,NCBI-Human-ASM2283312v2-Celera2005.fasta,3471747,2704638,2276389,3899996,0.58369009,0.65568977,0.84166125
UniProt_Human_9606_SP-Tr-2023_05.fasta,NCBI-Human-Hopkins2022-06-Ash1_v2.2.fasta,3471747,2680272,2581652,3570367,0.72307749,0.74361755,0.96320523
UniProt_Human_9606_SP-Tr-2023_05.fasta,NCBI-RefSeq-Human-GRCh38.p14-GCF_000001405.40-2022-02-03.fasta,3471747,2724291,2492423,3703615,0.67297033,0.71791608,0.91488868
UniProt_Human_9606_SP-Tr-2023_05.fasta,NCBI_RefSeq-Human-T2T-CHM13v2.0-T2T-GCF_009914755.1-2022-01-24.fasta,3471747,2733913,2492277,3713383,0.67116077,0.71787403,0.91161533
UniProt_Human_9606_SP-Tr-2023_05.fasta,Pangenome-HPRC-Human-GCA_018466835.1-Barbados-2022_07-pep.fasta,3471747,2784679,2677011,3579415,0.74789065,0.77108470,0.96133558
UniProt_Human_9606_SP-Tr-2023_05.fasta,Pangenome-HPRC-Human-GCA_018469405.1-Columbia-2022_07-pep.fasta,3471747,2783441,2683010,3572178,0.75108519,0.77281265,0.96391840
UniProt_Human_9606_SP-Tr-2023_05.fasta,Pangenome-HPRC-Human-GCA_018469415.1-Nigeria-2022_07-pep.fasta,3471747,2784252,2677873,3578126,0.74840098,0.77133299,0.96179261
UniProt_Human_9606_SP-Tr-2023_05.fasta,Pangenome-HPRC-Human-GCA_018472565.1-HanChineseSouth-2022_08-pep.fasta,3471747,2787238,2685530,3573455,0.75152199,0.77353851,0.96350940
UniProt_Human_9606_SP-Tr-2023_05.fasta,Pangenome-HPRC-Human-GCA_018504055.1-Vietnam-2022_07-pep.fasta,3471747,2783481,2681455,3573773,0.75031486,0.77236475,0.96334590
UniProt_Human_9606_SP-Tr-2023_05.fasta,Pangenome-HPRC-Human-GCA_018504625.1-swUSA-2022_07-pep.fasta,3471747,2785067,2678208,3578606,0.74839421,0.77142948,0.96163144
UniProt_Human_9606_SP-Tr-2023_05.fasta,Pangenome-HPRC-Human-GCA_018505835.1-Pakistan-2022_07-pep.fasta,3471747,2691871,2594110,3569508,0.72674161,0.74720595,0.96368288
UniProt_Human_9606_SP-Tr-2023_05.fasta,Pangenome-HPRC-Human-GCA_018852605.1-Caucasian-2022_07-pep.fasta,3471747,2694256,2599123,3566880,0.72868249,0.74864989,0.96469044
UniProt_Human_9606_SP-Tr-2023_05.fasta,UniProt-Human-UP000005640_canonical-2023_05.fasta,3471747,2402417,2402417,3471747,0.69199080,0.69199080,1.00000000
UniProt_Human_9606_SP-Tr-2023_05.fasta,UniProt_Human_9606_SP-Tr-2023_05.fasta,3471747,3471747,3471747,3471747,1.00000000,1.00000000,1.00000000
UniProt_Human_9606_SP-Tr-2023_05.fasta,UniProt_Human_9606_SP-iso_2023_05.fasta,3471747,2542314,2453997,3560064,0.68931261,0.70684788,0.96526118
UniProt_Human_9606_SP-Tr-2023_05.fasta,UniProt_Human_9606_SP_2023_05.fasta,3471747,2400476,2400476,3471747,0.69143172,0.69143172,1.00000000
UniProt_Human_9606_SP-Tr-2023_05.fasta,UniProt_Human_UP000005640_All_2023_05.fasta,3471747,2794482,2794482,3471747,0.80492098,0.80492098,1.00000000
UniProt_Human_9606_SP-Tr-2023_05.fasta,nextprot_Human-all-peff-2023-09-11.fasta,3471747,2540277,2451336,3560688,0.68844448,0.70608141,0.96498768
UniProt_Human_9606_SP-iso_2023_05.fasta,Ensembl-Human-GRCh37.pep.all.fasta,2542314,2759262,2461283,2840293,0.86655954,0.96812707,0.89200772
UniProt_Human_9606_SP-iso_2023_05.fasta,Ensembl-Human-GRCh38.pep.all.fasta,2542314,2828515,2472402,2898427,0.85301510,0.97250064,0.87409895
UniProt_Human_9606_SP-iso_2023_05.fasta,Ensembl-Human-T2T_GCA_009914755.4-2022_07-pep.fasta,2542314,2792073,2433303,2901084,0.83875648,0.95712135,0.87150408
UniProt_Human_9606_SP-iso_2023_05.fasta,NCBI-Human-ASM2283312v2-Celera2005.fasta,2542314,2704638,2245969,3000983,0.74841110,0.88343493,0.83041390
UniProt_Human_9606_SP-iso_2023_05.fasta,NCBI-Human-Hopkins2022-06-Ash1_v2.2.fasta,2542314,2680272,2411700,2810886,0.85798570,0.94862397,0.89979674
UniProt_Human_9606_SP-iso_2023_05.fasta,NCBI-RefSeq-Human-GRCh38.p14-GCF_000001405.40-2022-02-03.fasta,2542314,2724291,2453170,2813435,0.87194835,0.96493588,0.90048016
UniProt_Human_9606_SP-iso_2023_05.fasta,NCBI_RefSeq-Human-T2T-CHM13v2.0-T2T-GCF_009914755.1-2022-01-24.fasta,2542314,2733913,2449096,2827131,0.86628317,0.96333340,0.89582075
UniProt_Human_9606_SP-iso_2023_05.fasta,Pangenome-HPRC-Human-GCA_018466835.1-Barbados-2022_07-pep.fasta,2542314,2784679,2419822,2907171,0.83236315,0.95181870,0.86897700
UniProt_Human_9606_SP-iso_2023_05.fasta,Pangenome-HPRC-Human-GCA_018469405.1-Columbia-2022_07-pep.fasta,2542314,2783441,2424383,2901372,0.83559881,0.95361273,0.87100212
UniProt_Human_9606_SP-iso_2023_05.fasta,Pangenome-HPRC-Human-GCA_018469415.1-Nigeria-2022_07-pep.fasta,2542314,2784252,2420371,2906195,0.83283159,0.95203464,0.86930745
UniProt_Human_9606_SP-iso_2023_05.fasta,Pangenome-HPRC-Human-GCA_018472565.1-HanChineseSouth-2022_08-pep.fasta,2542314,2787238,2425813,2903739,0.83541014,0.95417521,0.87032862
UniProt_Human_9606_SP-iso_2023_05.fasta,Pangenome-HPRC-Human-GCA_018504055.1-Vietnam-2022_07-pep.fasta,2542314,2783481,2423022,2902773,0.83472666,0.95307739,0.87050064
UniProt_Human_9606_SP-iso_2023_05.fasta,Pangenome-HPRC-Human-GCA_018504625.1-swUSA-2022_07-pep.fasta,2542314,2785067,2420468,2906913,0.83265925,0.95207280,0.86908789
UniProt_Human_9606_SP-iso_2023_05.fasta,Pangenome-HPRC-Human-GCA_018505835.1-Pakistan-2022_07-pep.fasta,2542314,2691871,2340604,2893581,0.80889528,0.92065890,0.86950823
UniProt_Human_9606_SP-iso_2023_05.fasta,Pangenome-HPRC-Human-GCA_018852605.1-Caucasian-2022_07-pep.fasta,2542314,2694256,2345268,2891302,0.81114598,0.92249344,0.87046962
UniProt_Human_9606_SP-iso_2023_05.fasta,UniProt-Human-UP000005640_canonical-2023_05.fasta,2542314,2402417,2398374,2546357,0.94188443,0.94338229,0.99831711
UniProt_Human_9606_SP-iso_2023_05.fasta,UniProt_Human_9606_SP-Tr-2023_05.fasta,2542314,3471747,2453997,3560064,0.68931261,0.96526118,0.70684788
UniProt_Human_9606_SP-iso_2023_05.fasta,UniProt_Human_9606_SP-iso_2023_05.fasta,2542314,2542314,2542314,2542314,1.00000000,1.00000000,1.00000000
UniProt_Human_9606_SP-iso_2023_05.fasta,UniProt_Human_9606_SP_2023_05.fasta,2542314,2400476,2400476,2542314,0.94420909,0.94420909,1.00000000
UniProt_Human_9606_SP-iso_2023_05.fasta,UniProt_Human_UP000005640_All_2023_05.fasta,2542314,2794482,2440720,2896076,0.84276794,0.96003877,0.87340695
UniProt_Human_9606_SP-iso_2023_05.fasta,nextprot_Human-all-peff-2023-09-11.fasta,2542314,2540277,2539389,2543202,0.99850071,0.99884947,0.99965043
UniProt_Human_9606_SP_2023_05.fasta,Ensembl-Human-GRCh37.pep.all.fasta,2400476,2759262,2345387,2814351,0.83336691,0.97705080,0.85000518
UniProt_Human_9606_SP_2023_05.fasta,Ensembl-Human-GRCh38.pep.all.fasta,2400476,2828515,2363300,2865691,0.82468766,0.98451307,0.83552677
UniProt_Human_9606_SP_2023_05.fasta,Ensembl-Human-T2T_GCA_009914755.4-2022_07-pep.fasta,2400476,2792073,2326259,2866290,0.81159234,0.96908238,0.83316554
UniProt_Human_9606_SP_2023_05.fasta,NCBI-Human-ASM2283312v2-Celera2005.fasta,2400476,2704638,2180112,2925002,0.74533693,0.90819987,0.80606425
UniProt_Human_9606_SP_2023_05.fasta,NCBI-Human-Hopkins2022-06-Ash1_v2.2.fasta,2400476,2680272,2306909,2773839,0.83166651,0.96102148,0.86069959
UniProt_Human_9606_SP_2023_05.fasta,NCBI-RefSeq-Human-GRCh38.p14-GCF_000001405.40-2022-02-03.fasta,2400476,2724291,2357207,2767560,0.85172751,0.98197482,0.86525522
UniProt_Human_9606_SP_2023_05.fasta,NCBI_RefSeq-Human-T2T-CHM13v2.0-T2T-GCF_009914755.1-2022-01-24.fasta,2400476,2733913,2353405,2780984,0.84624903,0.98039097,0.86081927
UniProt_Human_9606_SP_2023_05.fasta,Pangenome-HPRC-Human-GCA_018466835.1-Barbados-2022_07-pep.fasta,2400476,2784679,2313445,2871710,0.80559841,0.96374427,0.83077619
UniProt_Human_9606_SP_2023_05.fasta,Pangenome-HPRC-Human-GCA_018469405.1-Columbia-2022_07-pep.fasta,2400476,2783441,2317753,2866164,0.80866029,0.96553892,0.83269342
UniProt_Human_9606_SP_2023_05.fasta,Pangenome-HPRC-Human-GCA_018469415.1-Nigeria-2022_07-pep.fasta,2400476,2784252,2314077,2870651,0.80611576,0.96400756,0.83113059
UniProt_Human_9606_SP_2023_05.fasta,Pangenome-HPRC-Human-GCA_018472565.1-HanChineseSouth-2022_08-pep.fasta,2400476,2787238,2318914,2868800,0.80832195,0.96602257,0.83197560
UniProt_Human_9606_SP_2023_05.fasta,Pangenome-HPRC-Human-GCA_018504055.1-Vietnam-2022_07-pep.fasta,2400476,2783481,2316496,2867461,0.80785615,0.96501527,0.83222986
UniProt_Human_9606_SP_2023_05.fasta,Pangenome-HPRC-Human-GCA_018504625.1-swUSA-2022_07-pep.fasta,2400476,2785067,2314236,2871307,0.80598696,0.96407379,0.83094446
UniProt_Human_9606_SP_2023_05.fasta,Pangenome-HPRC-Human-GCA_018505835.1-Pakistan-2022_07-pep.fasta,2400476,2691871,2237234,2855113,0.78358860,0.93199599,0.83110743
UniProt_Human_9606_SP_2023_05.fasta,Pangenome-HPRC-Human-GCA_018852605.1-Caucasian-2022_07-pep.fasta,2400476,2694256,2241845,2852887,0.78581626,0.93391686,0.83208314
UniProt_Human_9606_SP_2023_05.fasta,UniProt-Human-UP000005640_canonical-2023_05.fasta,2400476,2402417,2398345,2404548,0.99742031,0.99911226,0.99830504
UniProt_Human_9606_SP_2023_05.fasta,UniProt_Human_9606_SP-Tr-2023_05.fasta,2400476,3471747,2400476,3471747,0.69143172,1.00000000,0.69143172
UniProt_Human_9606_SP_2023_05.fasta,UniProt_Human_9606_SP-iso_2023_05.fasta,2400476,2542314,2400476,2542314,0.94420909,1.00000000,0.94420909
UniProt_Human_9606_SP_2023_05.fasta,UniProt_Human_9606_SP_2023_05.fasta,2400476,2400476,2400476,2400476,1.00000000,1.00000000,1.00000000
UniProt_Human_9606_SP_2023_05.fasta,UniProt_Human_UP000005640_All_2023_05.fasta,2400476,2794482,2400206,2794752,0.85882611,0.99988752,0.85890909
UniProt_Human_9606_SP_2023_05.fasta,nextprot_Human-all-peff-2023-09-11.fasta,2400476,2540277,2397819,2542934,0.94293403,0.99889314,0.94392029
UniProt_Human_UP000005640_All_2023_05.fasta,Ensembl-Human-GRCh37.pep.all.fasta,2794482,2759262,2616979,2936765,0.89110944,0.93648089,0.94843440
UniProt_Human_UP000005640_All_2023_05.fasta,Ensembl-Human-GRCh38.pep.all.fasta,2794482,2828515,2754044,2868953,0.95994741,0.98552934,0.97367134
UniProt_Human_UP000005640_All_2023_05.fasta,Ensembl-Human-T2T_GCA_009914755.4-2022_07-pep.fasta,2794482,2792073,2670402,2916153,0.91572767,0.95559821,0.95642270
UniProt_Human_UP000005640_All_2023_05.fasta,NCBI-Human-ASM2283312v2-Celera2005.fasta,2794482,2704638,2235006,3264114,0.68472057,0.79979259,0.82636050
UniProt_Human_UP000005640_All_2023_05.fasta,NCBI-Human-Hopkins2022-06-Ash1_v2.2.fasta,2794482,2680272,2558467,2916287,0.87730289,0.91554249,0.95455499
UniProt_Human_UP000005640_All_2023_05.fasta,NCBI-RefSeq-Human-GRCh38.p14-GCF_000001405.40-2022-02-03.fasta,2794482,2724291,2467608,3051165,0.80874289,0.88302877,0.90577989
UniProt_Human_UP000005640_All_2023_05.fasta,NCBI_RefSeq-Human-T2T-CHM13v2.0-T2T-GCF_009914755.1-2022-01-24.fasta,2794482,2733913,2462086,3066309,0.80294778,0.88105273,0.90057218
UniProt_Human_UP000005640_All_2023_05.fasta,Pangenome-HPRC-Human-GCA_018466835.1-Barbados-2022_07-pep.fasta,2794482,2784679,2654864,2924297,0.90786401,0.95003797,0.95338242
UniProt_Human_UP000005640_All_2023_05.fasta,Pangenome-HPRC-Human-GCA_018469405.1-Columbia-2022_07-pep.fasta,2794482,2783441,2660327,2917596,0.91182158,0.95199289,0.95576914
UniProt_Human_UP000005640_All_2023_05.fasta,Pangenome-HPRC-Human-GCA_018469415.1-Nigeria-2022_07-pep.fasta,2794482,2784252,2655355,2923379,0.90831705,0.95021367,0.95370498
UniProt_Human_UP000005640_All_2023_05.fasta,Pangenome-HPRC-Human-GCA_018472565.1-HanChineseSouth-2022_08-pep.fasta,2794482,2787238,2662204,2919516,0.91186484,0.95266457,0.95514054
UniProt_Human_UP000005640_All_2023_05.fasta,Pangenome-HPRC-Human-GCA_018504055.1-Vietnam-2022_07-pep.fasta,2794482,2783481,2658703,2919260,0.91074553,0.95141175,0.95517196
UniProt_Human_UP000005640_All_2023_05.fasta,Pangenome-HPRC-Human-GCA_018504625.1-swUSA-2022_07-pep.fasta,2794482,2785067,2655809,2923740,0.90836018,0.95037613,0.95358891
UniProt_Human_UP000005640_All_2023_05.fasta,Pangenome-HPRC-Human-GCA_018505835.1-Pakistan-2022_07-pep.fasta,2794482,2691871,2571819,2914534,0.88241173,0.92032047,0.95540202
UniProt_Human_UP000005640_All_2023_05.fasta,Pangenome-HPRC-Human-GCA_018852605.1-Caucasian-2022_07-pep.fasta,2794482,2694256,2577033,2911705,0.88505978,0.92218629,0.95649151
UniProt_Human_UP000005640_All_2023_05.fasta,UniProt-Human-UP000005640_canonical-2023_05.fasta,2794482,2402417,2402417,2794482,0.85970030,0.85970030,1.00000000
UniProt_Human_UP000005640_All_2023_05.fasta,UniProt_Human_9606_SP-Tr-2023_05.fasta,2794482,3471747,2794482,3471747,0.80492098,1.00000000,0.80492098
UniProt_Human_UP000005640_All_2023_05.fasta,UniProt_Human_9606_SP-iso_2023_05.fasta,2794482,2542314,2440720,2896076,0.84276794,0.87340695,0.96003877
UniProt_Human_UP000005640_All_2023_05.fasta,UniProt_Human_9606_SP_2023_05.fasta,2794482,2400476,2400206,2794752,0.85882611,0.85890909,0.99988752
UniProt_Human_UP000005640_All_2023_05.fasta,UniProt_Human_UP000005640_All_2023_05.fasta,2794482,2794482,2794482,2794482,1.00000000,1.00000000,1.00000000
UniProt_Human_UP000005640_All_2023_05.fasta,nextprot_Human-all-peff-2023-09-11.fasta,2794482,2540277,2438236,2896523,0.84178030,0.87251806,0.95983076
nextprot_Human-all-peff-2023-09-11.fasta,Ensembl-Human-GRCh37.pep.all.fasta,2540277,2759262,2461266,2838273,0.86717028,0.96889670,0.89200156
nextprot_Human-all-peff-2023-09-11.fasta,Ensembl-Human-GRCh38.pep.all.fasta,2540277,2828515,2470329,2898463,0.85228930,0.97246442,0.87336606
nextprot_Human-all-peff-2023-09-11.fasta,Ensembl-Human-T2T_GCA_009914755.4-2022_07-pep.fasta,2540277,2792073,2431458,2900892,0.83817598,0.95716255,0.87084328
nextprot_Human-all-peff-2023-09-11.fasta,NCBI-Human-ASM2283312v2-Celera2005.fasta,2540277,2704638,2245765,2999150,0.74880049,0.88406304,0.83033848
nextprot_Human-all-peff-2023-09-11.fasta,NCBI-Human-Hopkins2022-06-Ash1_v2.2.fasta,2540277,2680272,2410659,2809890,0.85791935,0.94897486,0.89940834
nextprot_Human-all-peff-2023-09-11.fasta,NCBI-RefSeq-Human-GRCh38.p14-GCF_000001405.40-2022-02-03.fasta,2540277,2724291,2451068,2813500,0.87118109,0.96488218,0.89970858
nextprot_Human-all-peff-2023-09-11.fasta,NCBI_RefSeq-Human-T2T-CHM13v2.0-T2T-GCF_009914755.1-2022-01-24.fasta,2540277,2733913,2446927,2827263,0.86547555,0.96325204,0.89502738
nextprot_Human-all-peff-2023-09-11.fasta,Pangenome-HPRC-Human-GCA_018466835.1-Barbados-2022_07-pep.fasta,2540277,2784679,2418002,2906954,0.83179920,0.95186549,0.86832342
nextprot_Human-all-peff-2023-09-11.fasta,Pangenome-HPRC-Human-GCA_018469405.1-Columbia-2022_07-pep.fasta,2540277,2783441,2422631,2901087,0.83507699,0.95368773,0.87037268
nextprot_Human-all-peff-2023-09-11.fasta,Pangenome-HPRC-Human-GCA_018469415.1-Nigeria-2022_07-pep.fasta,2540277,2784252,2418580,2905949,0.83228577,0.95209302,0.86866419
nextprot_Human-all-peff-2023-09-11.fasta,Pangenome-HPRC-Human-GCA_018472565.1-HanChineseSouth-2022_08-pep.fasta,2540277,2787238,2424024,2903491,0.83486534,0.95423609,0.86968677
nextprot_Human-all-peff-2023-09-11.fasta,Pangenome-HPRC-Human-GCA_018504055.1-Vietnam-2022_07-pep.fasta,2540277,2783481,2421243,2902515,0.83418794,0.95314133,0.86986152
nextprot_Human-all-peff-2023-09-11.fasta,Pangenome-HPRC-Human-GCA_018504625.1-swUSA-2022_07-pep.fasta,2540277,2785067,2418701,2906643,0.83212868,0.95214065,0.86845343
nextprot_Human-all-peff-2023-09-11.fasta,Pangenome-HPRC-Human-GCA_018505835.1-Pakistan-2022_07-pep.fasta,2540277,2691871,2339556,2892592,0.80880954,0.92098460,0.86911891
nextprot_Human-all-peff-2023-09-11.fasta,Pangenome-HPRC-Human-GCA_018852605.1-Caucasian-2022_07-pep.fasta,2540277,2694256,2344170,2890363,0.81102962,0.92280094,0.87006209
nextprot_Human-all-peff-2023-09-11.fasta,UniProt-Human-UP000005640_canonical-2023_05.fasta,2540277,2402417,2396007,2546687,0.94083293,0.94320698,0.99733185
nextprot_Human-all-peff-2023-09-11.fasta,UniProt_Human_9606_SP-Tr-2023_05.fasta,2540277,3471747,2451336,3560688,0.68844448,0.96498768,0.70608141
nextprot_Human-all-peff-2023-09-11.fasta,UniProt_Human_9606_SP-iso_2023_05.fasta,2540277,2542314,2539389,2543202,0.99850071,0.99965043,0.99884947
nextprot_Human-all-peff-2023-09-11.fasta,UniProt_Human_9606_SP_2023_05.fasta,2540277,2400476,2397819,2542934,0.94293403,0.94392029,0.99889314
nextprot_Human-all-peff-2023-09-11.fasta,UniProt_Human_UP000005640_All_2023_05.fasta,2540277,2794482,2438236,2896523,0.84178030,0.95983076,0.87251806
nextprot_Human-all-peff-2023-09-11.fasta,nextprot_Human-all-peff-2023-09-11.fasta,2540277,2540277,2540277,2540277,1.00000000,1.00000000,1.00000000
